admin0_code,admin1_code,date,cases,deaths
US,53,2020-01-21,1,0
US,53,2020-01-22,1,0
US,53,2020-01-23,1,0
US,17,2020-01-24,1,0
US,53,2020-01-24,1,0
US,06,2020-01-25,1,0
US,17,2020-01-25,1,0
US,53,2020-01-25,1,0
US,04,2020-01-26,1,0
US,06,2020-01-26,2,0
US,17,2020-01-26,1,0
US,53,2020-01-26,1,0
US,04,2020-01-27,1,0
US,06,2020-01-27,2,0
US,17,2020-01-27,1,0
US,53,2020-01-27,1,0
US,04,2020-01-28,1,0
US,06,2020-01-28,2,0
US,17,2020-01-28,1,0
US,53,2020-01-28,1,0
US,04,2020-01-29,1,0
US,06,2020-01-29,2,0
US,17,2020-01-29,1,0
US,53,2020-01-29,1,0
US,04,2020-01-30,1,0
US,06,2020-01-30,2,0
US,17,2020-01-30,2,0
US,53,2020-01-30,1,0
US,04,2020-01-31,1,0
US,06,2020-01-31,3,0
US,17,2020-01-31,2,0
US,53,2020-01-31,1,0
US,04,2020-02-01,1,0
US,06,2020-02-01,3,0
US,17,2020-02-01,2,0
US,25,2020-02-01,1,0
US,53,2020-02-01,1,0
US,04,2020-02-02,1,0
US,06,2020-02-02,6,0
US,17,2020-02-02,2,0
US,25,2020-02-02,1,0
US,53,2020-02-02,1,0
US,04,2020-02-03,1,0
US,06,2020-02-03,6,0
US,17,2020-02-03,2,0
US,25,2020-02-03,1,0
US,53,2020-02-03,1,0
US,04,2020-02-04,1,0
US,06,2020-02-04,6,0
US,17,2020-02-04,2,0
US,25,2020-02-04,1,0
US,53,2020-02-04,1,0
US,04,2020-02-05,1,0
US,06,2020-02-05,6,0
US,17,2020-02-05,2,0
US,25,2020-02-05,1,0
US,53,2020-02-05,1,0
US,55,2020-02-05,1,0
US,04,2020-02-06,1,0
US,06,2020-02-06,6,0
US,17,2020-02-06,2,0
US,25,2020-02-06,1,0
US,53,2020-02-06,1,0
US,55,2020-02-06,1,0
US,04,2020-02-07,1,0
US,06,2020-02-07,6,0
US,17,2020-02-07,2,0
US,25,2020-02-07,1,0
US,53,2020-02-07,1,0
US,55,2020-02-07,1,0
US,04,2020-02-08,1,0
US,06,2020-02-08,6,0
US,17,2020-02-08,2,0
US,25,2020-02-08,1,0
US,53,2020-02-08,1,0
US,55,2020-02-08,1,0
US,04,2020-02-09,1,0
US,06,2020-02-09,6,0
US,17,2020-02-09,2,0
US,25,2020-02-09,1,0
US,53,2020-02-09,1,0
US,55,2020-02-09,1,0
US,04,2020-02-10,1,0
US,06,2020-02-10,7,0
US,17,2020-02-10,2,0
US,25,2020-02-10,1,0
US,53,2020-02-10,1,0
US,55,2020-02-10,1,0
US,04,2020-02-11,1,0
US,06,2020-02-11,7,0
US,17,2020-02-11,2,0
US,25,2020-02-11,1,0
US,53,2020-02-11,1,0
US,55,2020-02-11,1,0
US,04,2020-02-12,1,0
US,06,2020-02-12,7,0
US,17,2020-02-12,2,0
US,25,2020-02-12,1,0
US,48,2020-02-12,1,0
US,53,2020-02-12,1,0
US,55,2020-02-12,1,0
US,04,2020-02-13,1,0
US,06,2020-02-13,7,0
US,17,2020-02-13,2,0
US,25,2020-02-13,1,0
US,48,2020-02-13,2,0
US,53,2020-02-13,1,0
US,55,2020-02-13,1,0
US,04,2020-02-14,1,0
US,06,2020-02-14,7,0
US,17,2020-02-14,2,0
US,25,2020-02-14,1,0
US,48,2020-02-14,2,0
US,53,2020-02-14,1,0
US,55,2020-02-14,1,0
US,04,2020-02-15,1,0
US,06,2020-02-15,7,0
US,17,2020-02-15,2,0
US,25,2020-02-15,1,0
US,48,2020-02-15,2,0
US,53,2020-02-15,1,0
US,55,2020-02-15,1,0
US,04,2020-02-16,1,0
US,06,2020-02-16,7,0
US,17,2020-02-16,2,0
US,25,2020-02-16,1,0
US,48,2020-02-16,2,0
US,53,2020-02-16,1,0
US,55,2020-02-16,1,0
US,04,2020-02-17,1,0
US,06,2020-02-17,7,0
US,17,2020-02-17,2,0
US,25,2020-02-17,1,0
US,31,2020-02-17,10,0
US,48,2020-02-17,2,0
US,53,2020-02-17,1,0
US,55,2020-02-17,1,0
US,04,2020-02-18,1,0
US,06,2020-02-18,7,0
US,17,2020-02-18,2,0
US,25,2020-02-18,1,0
US,31,2020-02-18,10,0
US,48,2020-02-18,2,0
US,53,2020-02-18,1,0
US,55,2020-02-18,1,0
US,04,2020-02-19,1,0
US,06,2020-02-19,7,0
US,17,2020-02-19,2,0
US,25,2020-02-19,1,0
US,31,2020-02-19,10,0
US,48,2020-02-19,2,0
US,53,2020-02-19,1,0
US,55,2020-02-19,1,0
US,04,2020-02-20,1,0
US,06,2020-02-20,8,0
US,17,2020-02-20,2,0
US,25,2020-02-20,1,0
US,31,2020-02-20,11,0
US,48,2020-02-20,2,0
US,53,2020-02-20,1,0
US,55,2020-02-20,1,0
US,04,2020-02-21,1,0
US,06,2020-02-21,9,0
US,17,2020-02-21,2,0
US,25,2020-02-21,1,0
US,31,2020-02-21,11,0
US,48,2020-02-21,4,0
US,53,2020-02-21,1,0
US,55,2020-02-21,1,0
US,04,2020-02-22,1,0
US,06,2020-02-22,9,0
US,17,2020-02-22,2,0
US,25,2020-02-22,1,0
US,31,2020-02-22,11,0
US,48,2020-02-22,4,0
US,53,2020-02-22,1,0
US,55,2020-02-22,1,0
US,04,2020-02-23,1,0
US,06,2020-02-23,9,0
US,17,2020-02-23,2,0
US,25,2020-02-23,1,0
US,31,2020-02-23,11,0
US,48,2020-02-23,4,0
US,53,2020-02-23,1,0
US,55,2020-02-23,1,0
US,04,2020-02-24,1,0
US,06,2020-02-24,11,0
US,17,2020-02-24,2,0
US,25,2020-02-24,1,0
US,31,2020-02-24,12,0
US,48,2020-02-24,10,0
US,53,2020-02-24,5,0
US,55,2020-02-24,1,0
US,04,2020-02-25,1,0
US,06,2020-02-25,11,0
US,17,2020-02-25,2,0
US,25,2020-02-25,1,0
US,31,2020-02-25,13,0
US,48,2020-02-25,10,0
US,49,2020-02-25,1,0
US,53,2020-02-25,5,0
US,55,2020-02-25,1,0
US,04,2020-02-26,1,0
US,06,2020-02-26,26,0
US,17,2020-02-26,2,0
US,25,2020-02-26,1,0
US,31,2020-02-26,13,0
US,48,2020-02-26,10,0
US,49,2020-02-26,1,0
US,53,2020-02-26,5,0
US,55,2020-02-26,1,0
US,04,2020-02-27,1,0
US,06,2020-02-27,26,0
US,17,2020-02-27,2,0
US,25,2020-02-27,1,0
US,31,2020-02-27,13,0
US,48,2020-02-27,10,0
US,49,2020-02-27,1,0
US,53,2020-02-27,5,0
US,55,2020-02-27,1,0
US,04,2020-02-28,1,0
US,06,2020-02-28,27,0
US,17,2020-02-28,2,0
US,25,2020-02-28,1,0
US,31,2020-02-28,13,0
US,41,2020-02-28,1,0
US,48,2020-02-28,11,0
US,49,2020-02-28,1,0
US,53,2020-02-28,7,0
US,55,2020-02-28,1,0
US,04,2020-02-29,1,0
US,06,2020-02-29,28,0
US,17,2020-02-29,3,0
US,25,2020-02-29,1,0
US,31,2020-02-29,13,0
US,41,2020-02-29,1,0
US,48,2020-02-29,11,0
US,49,2020-02-29,1,0
US,53,2020-02-29,10,1
US,55,2020-02-29,1,0
US,04,2020-03-01,1,0
US,06,2020-03-01,33,0
US,12,2020-03-01,2,0
US,17,2020-03-01,3,0
US,25,2020-03-01,1,0
US,31,2020-03-01,13,0
US,36,2020-03-01,1,0
US,41,2020-03-01,2,0
US,44,2020-03-01,2,0
US,48,2020-03-01,11,0
US,49,2020-03-01,1,0
US,53,2020-03-01,17,3
US,55,2020-03-01,1,0
US,04,2020-03-02,1,0
US,06,2020-03-02,38,0
US,12,2020-03-02,2,0
US,13,2020-03-02,2,0
US,17,2020-03-02,4,0
US,25,2020-03-02,2,0
US,31,2020-03-02,13,0
US,33,2020-03-02,1,0
US,36,2020-03-02,1,0
US,41,2020-03-02,2,0
US,44,2020-03-02,2,0
US,48,2020-03-02,11,0
US,49,2020-03-02,1,0
US,53,2020-03-02,23,6
US,55,2020-03-02,1,0
US,04,2020-03-03,2,0
US,06,2020-03-03,45,0
US,12,2020-03-03,3,0
US,13,2020-03-03,2,0
US,17,2020-03-03,4,0
US,25,2020-03-03,2,0
US,31,2020-03-03,13,0
US,33,2020-03-03,2,0
US,36,2020-03-03,2,0
US,37,2020-03-03,1,0
US,41,2020-03-03,2,0
US,44,2020-03-03,2,0
US,48,2020-03-03,11,0
US,49,2020-03-03,1,0
US,53,2020-03-03,32,10
US,55,2020-03-03,1,0
US,04,2020-03-04,2,0
US,06,2020-03-04,55,1
US,12,2020-03-04,3,0
US,13,2020-03-04,2,0
US,17,2020-03-04,4,0
US,25,2020-03-04,2,0
US,31,2020-03-04,13,0
US,33,2020-03-04,2,0
US,34,2020-03-04,1,0
US,36,2020-03-04,11,0
US,37,2020-03-04,1,0
US,41,2020-03-04,2,0
US,44,2020-03-04,2,0
US,48,2020-03-04,12,0
US,49,2020-03-04,1,0
US,53,2020-03-04,47,11
US,55,2020-03-04,1,0
US,04,2020-03-05,2,0
US,06,2020-03-05,67,1
US,08,2020-03-05,2,0
US,12,2020-03-05,4,0
US,13,2020-03-05,2,0
US,17,2020-03-05,5,0
US,24,2020-03-05,3,0
US,25,2020-03-05,3,0
US,31,2020-03-05,13,0
US,32,2020-03-05,2,0
US,33,2020-03-05,2,0
US,34,2020-03-05,2,0
US,36,2020-03-05,22,0
US,37,2020-03-05,1,0
US,41,2020-03-05,2,0
US,44,2020-03-05,2,0
US,47,2020-03-05,1,0
US,48,2020-03-05,16,0
US,49,2020-03-05,1,0
US,53,2020-03-05,75,11
US,55,2020-03-05,1,0
US,04,2020-03-06,3,0
US,06,2020-03-06,81,1
US,08,2020-03-06,8,0
US,12,2020-03-06,7,2
US,13,2020-03-06,3,0
US,15,2020-03-06,1,0
US,17,2020-03-06,6,0
US,18,2020-03-06,1,0
US,21,2020-03-06,1,0
US,24,2020-03-06,3,0
US,25,2020-03-06,8,0
US,27,2020-03-06,1,0
US,31,2020-03-06,14,0
US,32,2020-03-06,2,0
US,33,2020-03-06,2,0
US,34,2020-03-06,4,0
US,36,2020-03-06,44,0
US,37,2020-03-06,2,0
US,40,2020-03-06,1,0
US,41,2020-03-06,2,0
US,42,2020-03-06,2,0
US,44,2020-03-06,3,0
US,45,2020-03-06,2,0
US,47,2020-03-06,1,0
US,48,2020-03-06,19,0
US,49,2020-03-06,3,0
US,53,2020-03-06,86,12
US,55,2020-03-06,1,0
US,04,2020-03-07,5,0
US,06,2020-03-07,100,1
US,08,2020-03-07,8,0
US,11,2020-03-07,1,0
US,12,2020-03-07,12,2
US,13,2020-03-07,7,0
US,15,2020-03-07,1,0
US,17,2020-03-07,6,0
US,18,2020-03-07,1,0
US,20,2020-03-07,1,0
US,21,2020-03-07,1,0
US,24,2020-03-07,3,0
US,25,2020-03-07,13,0
US,27,2020-03-07,1,0
US,29,2020-03-07,1,0
US,31,2020-03-07,14,0
US,32,2020-03-07,2,0
US,33,2020-03-07,4,0
US,34,2020-03-07,4,0
US,36,2020-03-07,89,0
US,37,2020-03-07,2,0
US,40,2020-03-07,1,0
US,41,2020-03-07,6,0
US,42,2020-03-07,4,0
US,44,2020-03-07,3,0
US,45,2020-03-07,2,0
US,47,2020-03-07,1,0
US,48,2020-03-07,19,0
US,49,2020-03-07,3,0
US,50,2020-03-07,1,0
US,51,2020-03-07,1,0
US,53,2020-03-07,110,16
US,55,2020-03-07,1,0
US,04,2020-03-08,5,0
US,06,2020-03-08,112,1
US,08,2020-03-08,8,0
US,09,2020-03-08,1,0
US,11,2020-03-08,1,0
US,12,2020-03-08,13,2
US,13,2020-03-08,11,0
US,15,2020-03-08,2,0
US,17,2020-03-08,7,0
US,18,2020-03-08,2,0
US,19,2020-03-08,3,0
US,20,2020-03-08,1,0
US,21,2020-03-08,4,0
US,24,2020-03-08,5,0
US,25,2020-03-08,28,0
US,27,2020-03-08,2,0
US,29,2020-03-08,1,0
US,31,2020-03-08,16,0
US,32,2020-03-08,4,0
US,33,2020-03-08,4,0
US,34,2020-03-08,6,0
US,36,2020-03-08,106,0
US,37,2020-03-08,2,0
US,40,2020-03-08,1,0
US,41,2020-03-08,13,0
US,42,2020-03-08,6,0
US,44,2020-03-08,3,0
US,45,2020-03-08,6,0
US,47,2020-03-08,3,0
US,48,2020-03-08,23,0
US,49,2020-03-08,3,0
US,50,2020-03-08,1,0
US,51,2020-03-08,2,0
US,53,2020-03-08,141,19
US,55,2020-03-08,1,0
US,04,2020-03-09,6,0
US,06,2020-03-09,172,2
US,08,2020-03-09,12,0
US,09,2020-03-09,2,0
US,11,2020-03-09,4,0
US,12,2020-03-09,14,2
US,13,2020-03-09,17,0
US,15,2020-03-09,2,0
US,17,2020-03-09,11,0
US,18,2020-03-09,4,0
US,19,2020-03-09,8,0
US,20,2020-03-09,1,0
US,21,2020-03-09,5,0
US,22,2020-03-09,1,0
US,24,2020-03-09,6,0
US,25,2020-03-09,41,0
US,27,2020-03-09,2,0
US,29,2020-03-09,1,0
US,31,2020-03-09,16,0
US,32,2020-03-09,4,0
US,33,2020-03-09,4,0
US,34,2020-03-09,11,0
US,36,2020-03-09,142,0
US,37,2020-03-09,7,0
US,39,2020-03-09,3,0
US,40,2020-03-09,1,0
US,41,2020-03-09,13,0
US,42,2020-03-09,10,0
US,44,2020-03-09,3,0
US,45,2020-03-09,7,0
US,47,2020-03-09,4,0
US,48,2020-03-09,24,0
US,49,2020-03-09,3,0
US,50,2020-03-09,1,0
US,51,2020-03-09,5,0
US,53,2020-03-09,179,22
US,55,2020-03-09,2,0
US,04,2020-03-10,6,0
US,06,2020-03-10,179,3
US,08,2020-03-10,17,0
US,09,2020-03-10,2,0
US,11,2020-03-10,4,0
US,12,2020-03-10,23,2
US,13,2020-03-10,22,0
US,15,2020-03-10,2,0
US,17,2020-03-10,19,0
US,18,2020-03-10,6,0
US,19,2020-03-10,13,0
US,20,2020-03-10,1,0
US,21,2020-03-10,7,0
US,22,2020-03-10,6,0
US,24,2020-03-10,9,0
US,25,2020-03-10,92,0
US,26,2020-03-10,2,0
US,27,2020-03-10,3,0
US,29,2020-03-10,1,0
US,31,2020-03-10,17,0
US,32,2020-03-10,4,0
US,33,2020-03-10,5,0
US,34,2020-03-10,15,1
US,36,2020-03-10,173,0
US,37,2020-03-10,7,0
US,39,2020-03-10,3,0
US,40,2020-03-10,2,0
US,41,2020-03-10,14,0
US,42,2020-03-10,12,0
US,44,2020-03-10,5,0
US,45,2020-03-10,9,0
US,46,2020-03-10,5,1
US,47,2020-03-10,7,0
US,48,2020-03-10,31,0
US,49,2020-03-10,4,0
US,50,2020-03-10,1,0
US,51,2020-03-10,8,0
US,53,2020-03-10,279,24
US,55,2020-03-10,3,0
US,04,2020-03-11,9,0
US,05,2020-03-11,1,0
US,06,2020-03-11,202,4
US,08,2020-03-11,34,0
US,09,2020-03-11,3,0
US,10,2020-03-11,1,0
US,11,2020-03-11,10,0
US,12,2020-03-11,26,2
US,13,2020-03-11,31,0
US,15,2020-03-11,2,0
US,17,2020-03-11,25,0
US,18,2020-03-11,11,0
US,19,2020-03-11,14,0
US,20,2020-03-11,1,0
US,21,2020-03-11,7,0
US,22,2020-03-11,13,0
US,24,2020-03-11,13,0
US,25,2020-03-11,95,0
US,26,2020-03-11,2,0
US,27,2020-03-11,5,0
US,28,2020-03-11,1,0
US,29,2020-03-11,1,0
US,31,2020-03-11,23,0
US,32,2020-03-11,7,0
US,33,2020-03-11,5,0
US,34,2020-03-11,23,1
US,35,2020-03-11,4,0
US,36,2020-03-11,217,0
US,37,2020-03-11,8,0
US,38,2020-03-11,1,0
US,39,2020-03-11,4,0
US,40,2020-03-11,2,0
US,41,2020-03-11,20,0
US,42,2020-03-11,16,0
US,44,2020-03-11,5,0
US,45,2020-03-11,10,0
US,46,2020-03-11,8,1
US,47,2020-03-11,8,0
US,48,2020-03-11,33,0
US,49,2020-03-11,5,0
US,50,2020-03-11,2,0
US,51,2020-03-11,10,0
US,53,2020-03-11,338,29
US,55,2020-03-11,6,0
US,56,2020-03-11,1,0
US,02,2020-03-12,1,0
US,04,2020-03-12,9,0
US,05,2020-03-12,6,0
US,06,2020-03-12,252,4
US,08,2020-03-12,49,1
US,09,2020-03-12,6,0
US,10,2020-03-12,4,0
US,11,2020-03-12,10,0
US,12,2020-03-12,46,2
US,13,2020-03-12,31,1
US,15,2020-03-12,2,0
US,17,2020-03-12,32,0
US,18,2020-03-12,12,0
US,19,2020-03-12,16,0
US,20,2020-03-12,5,1
US,21,2020-03-12,11,0
US,22,2020-03-12,14,0
US,23,2020-03-12,1,0
US,24,2020-03-12,13,0
US,25,2020-03-12,108,0
US,26,2020-03-12,12,0
US,27,2020-03-12,9,0
US,28,2020-03-12,1,0
US,29,2020-03-12,2,0
US,31,2020-03-12,24,0
US,32,2020-03-12,11,0
US,33,2020-03-12,6,0
US,34,2020-03-12,29,1
US,35,2020-03-12,6,0
US,36,2020-03-12,326,0
US,37,2020-03-12,16,0
US,38,2020-03-12,1,0
US,39,2020-03-12,5,0
US,40,2020-03-12,2,0
US,41,2020-03-12,30,0
US,42,2020-03-12,22,0
US,44,2020-03-12,5,0
US,45,2020-03-12,12,0
US,46,2020-03-12,8,1
US,47,2020-03-12,18,0
US,48,2020-03-12,41,0
US,49,2020-03-12,7,0
US,50,2020-03-12,2,0
US,51,2020-03-12,17,0
US,53,2020-03-12,419,32
US,55,2020-03-12,8,0
US,56,2020-03-12,1,0
US,01,2020-03-13,6,0
US,02,2020-03-13,1,0
US,04,2020-03-13,9,0
US,05,2020-03-13,7,0
US,06,2020-03-13,320,5
US,08,2020-03-13,78,2
US,09,2020-03-13,11,0
US,10,2020-03-13,4,0
US,11,2020-03-13,10,0
US,12,2020-03-13,70,2
US,13,2020-03-13,41,1
US,15,2020-03-13,2,0
US,16,2020-03-13,1,0
US,17,2020-03-13,46,0
US,18,2020-03-13,12,0
US,19,2020-03-13,17,0
US,20,2020-03-13,6,1
US,21,2020-03-13,11,0
US,22,2020-03-13,36,0
US,23,2020-03-13,2,0
US,24,2020-03-13,18,0
US,25,2020-03-13,123,0
US,26,2020-03-13,25,0
US,27,2020-03-13,14,0
US,28,2020-03-13,6,0
US,29,2020-03-13,4,0
US,30,2020-03-13,4,0
US,31,2020-03-13,27,0
US,32,2020-03-13,19,0
US,33,2020-03-13,7,0
US,34,2020-03-13,50,1
US,35,2020-03-13,10,0
US,36,2020-03-13,421,0
US,37,2020-03-13,18,0
US,38,2020-03-13,1,0
US,39,2020-03-13,13,0
US,40,2020-03-13,3,0
US,41,2020-03-13,30,0
US,42,2020-03-13,41,0
US,72,2020-03-13,3,0
US,44,2020-03-13,20,0
US,45,2020-03-13,13,0
US,46,2020-03-13,9,1
US,47,2020-03-13,26,0
US,48,2020-03-13,58,0
US,49,2020-03-13,7,0
US,50,2020-03-13,2,0
US,51,2020-03-13,30,0
US,53,2020-03-13,511,37
US,55,2020-03-13,19,0
US,56,2020-03-13,2,0
US,01,2020-03-14,12,0
US,02,2020-03-14,1,0
US,04,2020-03-14,12,0
US,05,2020-03-14,9,0
US,06,2020-03-14,381,5
US,08,2020-03-14,103,2
US,09,2020-03-14,20,0
US,10,2020-03-14,4,0
US,11,2020-03-14,16,0
US,12,2020-03-14,70,3
US,13,2020-03-14,65,1
US,15,2020-03-14,4,0
US,16,2020-03-14,5,0
US,17,2020-03-14,66,0
US,18,2020-03-14,15,0
US,19,2020-03-14,18,0
US,20,2020-03-14,8,1
US,21,2020-03-14,18,0
US,22,2020-03-14,77,1
US,23,2020-03-14,3,0
US,24,2020-03-14,27,0
US,25,2020-03-14,138,0
US,26,2020-03-14,33,0
US,27,2020-03-14,21,0
US,28,2020-03-14,6,0
US,29,2020-03-14,5,0
US,30,2020-03-14,6,0
US,31,2020-03-14,29,0
US,32,2020-03-14,21,0
US,33,2020-03-14,7,0
US,34,2020-03-14,75,2
US,35,2020-03-14,13,0
US,36,2020-03-14,610,2
US,37,2020-03-14,25,0
US,38,2020-03-14,1,0
US,39,2020-03-14,26,0
US,40,2020-03-14,4,0
US,41,2020-03-14,36,1
US,42,2020-03-14,47,0
US,72,2020-03-14,4,0
US,44,2020-03-14,20,0
US,45,2020-03-14,19,0
US,46,2020-03-14,9,1
US,47,2020-03-14,32,0
US,48,2020-03-14,69,0
US,49,2020-03-14,21,0
US,50,2020-03-14,5,0
US,78,2020-03-14,1,0
US,51,2020-03-14,42,1
US,53,2020-03-14,609,40
US,55,2020-03-14,27,0
US,56,2020-03-14,3,0
US,01,2020-03-15,23,0
US,02,2020-03-15,1,0
US,04,2020-03-15,13,0
US,05,2020-03-15,16,0
US,06,2020-03-15,478,6
US,08,2020-03-15,136,2
US,09,2020-03-15,26,0
US,10,2020-03-15,7,0
US,11,2020-03-15,17,0
US,12,2020-03-15,109,3
US,13,2020-03-15,97,1
US,66,2020-03-15,3,0
US,15,2020-03-15,7,0
US,16,2020-03-15,5,0
US,17,2020-03-15,94,0
US,18,2020-03-15,19,0
US,19,2020-03-15,22,0
US,20,2020-03-15,9,1
US,21,2020-03-15,21,0
US,22,2020-03-15,103,2
US,23,2020-03-15,12,0
US,24,2020-03-15,32,0
US,25,2020-03-15,164,0
US,26,2020-03-15,53,0
US,27,2020-03-15,35,0
US,28,2020-03-15,10,0
US,29,2020-03-15,5,0
US,30,2020-03-15,6,0
US,31,2020-03-15,31,0
US,32,2020-03-15,26,0
US,33,2020-03-15,13,0
US,34,2020-03-15,98,2
US,35,2020-03-15,17,0
US,36,2020-03-15,732,6
US,37,2020-03-15,32,0
US,38,2020-03-15,1,0
US,39,2020-03-15,37,0
US,40,2020-03-15,8,0
US,41,2020-03-15,39,1
US,42,2020-03-15,68,0
US,72,2020-03-15,5,0
US,44,2020-03-15,20,0
US,45,2020-03-15,28,0
US,46,2020-03-15,9,1
US,47,2020-03-15,39,0
US,48,2020-03-15,80,0
US,49,2020-03-15,29,0
US,50,2020-03-15,8,0
US,78,2020-03-15,1,0
US,51,2020-03-15,45,1
US,53,2020-03-15,675,42
US,55,2020-03-15,33,0
US,56,2020-03-15,3,0
US,01,2020-03-16,29,0
US,02,2020-03-16,3,0
US,04,2020-03-16,18,0
US,05,2020-03-16,22,0
US,06,2020-03-16,588,11
US,08,2020-03-16,161,2
US,09,2020-03-16,41,0
US,10,2020-03-16,8,0
US,11,2020-03-16,22,0
US,12,2020-03-16,141,4
US,13,2020-03-16,118,1
US,66,2020-03-16,3,0
US,15,2020-03-16,10,0
US,16,2020-03-16,5,0
US,17,2020-03-16,104,0
US,18,2020-03-16,24,1
US,19,2020-03-16,22,0
US,20,2020-03-16,11,1
US,21,2020-03-16,22,1
US,22,2020-03-16,137,3
US,23,2020-03-16,17,0
US,24,2020-03-16,39,0
US,25,2020-03-16,197,0
US,26,2020-03-16,54,0
US,27,2020-03-16,54,0
US,28,2020-03-16,12,0
US,29,2020-03-16,9,0
US,30,2020-03-16,8,0
US,31,2020-03-16,33,0
US,32,2020-03-16,45,1
US,33,2020-03-16,17,0
US,34,2020-03-16,176,3
US,35,2020-03-16,21,0
US,36,2020-03-16,950,10
US,37,2020-03-16,34,0
US,38,2020-03-16,1,0
US,39,2020-03-16,50,0
US,40,2020-03-16,10,0
US,41,2020-03-16,46,1
US,42,2020-03-16,81,0
US,72,2020-03-16,5,0
US,44,2020-03-16,21,0
US,45,2020-03-16,33,1
US,46,2020-03-16,10,1
US,47,2020-03-16,52,0
US,48,2020-03-16,87,1
US,49,2020-03-16,40,0
US,50,2020-03-16,12,0
US,78,2020-03-16,2,0
US,51,2020-03-16,51,1
US,53,2020-03-16,794,48
US,55,2020-03-16,47,0
US,56,2020-03-16,10,0
US,01,2020-03-17,39,0
US,02,2020-03-17,6,0
US,04,2020-03-17,20,0
US,05,2020-03-17,22,0
US,06,2020-03-17,732,14
US,08,2020-03-17,183,3
US,09,2020-03-17,68,0
US,10,2020-03-17,16,0
US,11,2020-03-17,31,0
US,12,2020-03-17,210,6
US,13,2020-03-17,142,1
US,66,2020-03-17,3,0
US,15,2020-03-17,14,0
US,16,2020-03-17,9,0
US,17,2020-03-17,159,1
US,18,2020-03-17,30,2
US,19,2020-03-17,29,0
US,20,2020-03-17,17,1
US,21,2020-03-17,26,1
US,22,2020-03-17,196,5
US,23,2020-03-17,32,0
US,24,2020-03-17,57,0
US,25,2020-03-17,218,0
US,26,2020-03-17,65,0
US,27,2020-03-17,60,0
US,28,2020-03-17,21,0
US,29,2020-03-17,16,0
US,30,2020-03-17,8,0
US,31,2020-03-17,36,0
US,32,2020-03-17,55,1
US,33,2020-03-17,26,0
US,34,2020-03-17,268,3
US,35,2020-03-17,23,0
US,36,2020-03-17,1375,18
US,37,2020-03-17,42,0
US,38,2020-03-17,5,0
US,39,2020-03-17,67,0
US,40,2020-03-17,18,0
US,41,2020-03-17,66,2
US,42,2020-03-17,101,0
US,72,2020-03-17,5,0
US,44,2020-03-17,23,0
US,45,2020-03-17,47,1
US,46,2020-03-17,11,1
US,47,2020-03-17,73,0
US,48,2020-03-17,106,1
US,49,2020-03-17,51,0
US,50,2020-03-17,14,0
US,78,2020-03-17,2,0
US,51,2020-03-17,67,2
US,53,2020-03-17,908,54
US,54,2020-03-17,1,0
US,55,2020-03-17,72,0
US,56,2020-03-17,15,0
US,01,2020-03-18,51,0
US,02,2020-03-18,9,0
US,04,2020-03-18,28,0
US,05,2020-03-18,33,0
US,06,2020-03-18,893,17
US,08,2020-03-18,216,3
US,09,2020-03-18,96,1
US,10,2020-03-18,26,0
US,11,2020-03-18,36,0
US,12,2020-03-18,326,7
US,13,2020-03-18,193,3
US,66,2020-03-18,8,0
US,15,2020-03-18,16,0
US,16,2020-03-18,11,0
US,17,2020-03-18,286,1
US,18,2020-03-18,39,2
US,19,2020-03-18,38,0
US,20,2020-03-18,22,1
US,21,2020-03-18,35,1
US,22,2020-03-18,280,7
US,23,2020-03-18,43,0
US,24,2020-03-18,85,1
US,25,2020-03-18,256,0
US,26,2020-03-18,80,1
US,27,2020-03-18,77,0
US,28,2020-03-18,34,0
US,29,2020-03-18,21,1
US,30,2020-03-18,12,0
US,31,2020-03-18,43,0
US,32,2020-03-18,82,1
US,33,2020-03-18,39,0
US,34,2020-03-18,427,5
US,35,2020-03-18,28,0
US,36,2020-03-18,2387,32
US,37,2020-03-18,66,0
US,38,2020-03-18,7,0
US,39,2020-03-18,90,0
US,40,2020-03-18,29,0
US,41,2020-03-18,74,3
US,42,2020-03-18,139,1
US,72,2020-03-18,5,0
US,44,2020-03-18,33,0
US,45,2020-03-18,60,1
US,46,2020-03-18,11,1
US,47,2020-03-18,98,0
US,48,2020-03-18,166,2
US,49,2020-03-18,65,0
US,50,2020-03-18,19,0
US,78,2020-03-18,3,0
US,51,2020-03-18,78,2
US,53,2020-03-18,1026,68
US,54,2020-03-18,2,0
US,55,2020-03-18,106,0
US,56,2020-03-18,17,0
US,01,2020-03-19,78,0
US,02,2020-03-19,12,0
US,04,2020-03-19,47,0
US,05,2020-03-19,62,0
US,06,2020-03-19,1067,19
US,08,2020-03-19,278,5
US,09,2020-03-19,159,4
US,10,2020-03-19,30,0
US,11,2020-03-19,39,0
US,12,2020-03-19,434,8
US,13,2020-03-19,282,10
US,66,2020-03-19,12,0
US,15,2020-03-19,26,0
US,16,2020-03-19,23,0
US,17,2020-03-19,420,4
US,18,2020-03-19,56,2
US,19,2020-03-19,44,0
US,20,2020-03-19,35,1
US,21,2020-03-19,47,2
US,22,2020-03-19,392,10
US,23,2020-03-19,52,0
US,24,2020-03-19,108,1
US,25,2020-03-19,328,0
US,26,2020-03-19,334,3
US,27,2020-03-19,89,0
US,28,2020-03-19,50,1
US,29,2020-03-19,35,1
US,30,2020-03-19,19,0
US,31,2020-03-19,47,0
US,32,2020-03-19,99,1
US,33,2020-03-19,44,0
US,34,2020-03-19,735,9
US,35,2020-03-19,35,0
US,36,2020-03-19,4161,39
US,37,2020-03-19,104,0
US,38,2020-03-19,19,0
US,39,2020-03-19,120,0
US,40,2020-03-19,44,1
US,41,2020-03-19,87,3
US,42,2020-03-19,187,1
US,72,2020-03-19,6,0
US,44,2020-03-19,44,0
US,45,2020-03-19,81,1
US,46,2020-03-19,14,1
US,47,2020-03-19,155,0
US,48,2020-03-19,248,4
US,49,2020-03-19,80,0
US,50,2020-03-19,22,2
US,78,2020-03-19,3,0
US,51,2020-03-19,94,2
US,53,2020-03-19,1228,75
US,54,2020-03-19,5,0
US,55,2020-03-19,155,2
US,56,2020-03-19,18,0
US,01,2020-03-20,106,0
US,02,2020-03-20,14,0
US,04,2020-03-20,70,1
US,05,2020-03-20,100,0
US,06,2020-03-20,1283,24
US,08,2020-03-20,364,5
US,09,2020-03-20,194,4
US,10,2020-03-20,39,0
US,11,2020-03-20,71,0
US,12,2020-03-20,564,9
US,13,2020-03-20,482,14
US,66,2020-03-20,14,0
US,15,2020-03-20,37,0
US,16,2020-03-20,31,0
US,17,2020-03-20,583,5
US,18,2020-03-20,79,3
US,19,2020-03-20,45,0
US,20,2020-03-20,49,1
US,21,2020-03-20,63,2
US,22,2020-03-20,537,10
US,23,2020-03-20,57,0
US,24,2020-03-20,150,2
US,25,2020-03-20,413,1
US,26,2020-03-20,548,4
US,27,2020-03-20,115,0
US,28,2020-03-20,80,1
US,29,2020-03-20,73,3
US,30,2020-03-20,19,0
US,31,2020-03-20,53,0
US,32,2020-03-20,165,2
US,33,2020-03-20,55,0
US,34,2020-03-20,896,11
US,35,2020-03-20,43,0
US,36,2020-03-20,7113,68
US,37,2020-03-20,144,0
US,38,2020-03-20,27,0
US,39,2020-03-20,169,1
US,40,2020-03-20,49,1
US,41,2020-03-20,114,3
US,42,2020-03-20,269,1
US,72,2020-03-20,14,0
US,44,2020-03-20,44,0
US,45,2020-03-20,126,3
US,46,2020-03-20,14,1
US,47,2020-03-20,237,0
US,48,2020-03-20,377,5
US,49,2020-03-20,112,0
US,50,2020-03-20,29,2
US,78,2020-03-20,6,0
US,51,2020-03-20,115,2
US,53,2020-03-20,1404,83
US,54,2020-03-20,8,0
US,55,2020-03-20,216,3
US,56,2020-03-20,22,0
US,01,2020-03-21,131,0
US,02,2020-03-21,21,0
US,04,2020-03-21,104,1
US,05,2020-03-21,118,0
US,06,2020-03-21,1544,28
US,08,2020-03-21,475,6
US,09,2020-03-21,223,5
US,10,2020-03-21,45,0
US,11,2020-03-21,77,1
US,12,2020-03-21,764,11
US,13,2020-03-21,552,20
US,66,2020-03-21,15,0
US,15,2020-03-21,48,0
US,16,2020-03-21,42,0
US,17,2020-03-21,751,6
US,18,2020-03-21,126,4
US,19,2020-03-21,68,0
US,20,2020-03-21,57,2
US,21,2020-03-21,84,3
US,22,2020-03-21,763,16
US,23,2020-03-21,70,0
US,24,2020-03-21,195,3
US,25,2020-03-21,525,2
US,26,2020-03-21,787,6
US,27,2020-03-21,138,1
US,28,2020-03-21,140,1
US,29,2020-03-21,93,3
US,30,2020-03-21,29,0
US,31,2020-03-21,61,0
US,32,2020-03-21,165,2
US,33,2020-03-21,65,0
US,34,2020-03-21,1336,16
US,35,2020-03-21,57,0
US,36,2020-03-21,10371,95
US,37,2020-03-21,184,0
US,38,2020-03-21,28,0
US,39,2020-03-21,247,3
US,40,2020-03-21,53,1
US,41,2020-03-21,137,4
US,42,2020-03-21,388,2
US,72,2020-03-21,21,1
US,44,2020-03-21,66,0
US,45,2020-03-21,172,3
US,46,2020-03-21,14,1
US,47,2020-03-21,312,2
US,48,2020-03-21,547,5
US,49,2020-03-21,138,0
US,50,2020-03-21,49,2
US,78,2020-03-21,6,0
US,51,2020-03-21,152,3
US,53,2020-03-21,1655,95
US,54,2020-03-21,12,0
US,55,2020-03-21,281,4
US,56,2020-03-21,24,0
US,01,2020-03-22,157,0
US,02,2020-03-22,22,0
US,04,2020-03-22,153,2
US,05,2020-03-22,165,0
US,06,2020-03-22,1851,35
US,08,2020-03-22,591,7
US,09,2020-03-22,327,8
US,10,2020-03-22,56,0
US,11,2020-03-22,98,1
US,12,2020-03-22,1000,13
US,13,2020-03-22,620,25
US,66,2020-03-22,27,1
US,15,2020-03-22,56,0
US,16,2020-03-22,47,0
US,17,2020-03-22,1047,9
US,18,2020-03-22,201,6
US,19,2020-03-22,90,0
US,20,2020-03-22,66,2
US,21,2020-03-22,103,3
US,22,2020-03-22,837,20
US,23,2020-03-22,89,0
US,24,2020-03-22,245,3
US,25,2020-03-22,646,5
US,26,2020-03-22,1033,9
US,27,2020-03-22,171,1
US,28,2020-03-22,207,1
US,29,2020-03-22,130,3
US,30,2020-03-22,34,0
US,31,2020-03-22,62,0
US,32,2020-03-22,190,2
US,33,2020-03-22,78,0
US,34,2020-03-22,1914,20
US,35,2020-03-22,65,0
US,36,2020-03-22,15188,142
US,37,2020-03-22,269,0
US,38,2020-03-22,30,0
US,39,2020-03-22,351,3
US,40,2020-03-22,67,2
US,41,2020-03-22,161,5
US,42,2020-03-22,504,3
US,72,2020-03-22,23,1
US,44,2020-03-22,83,0
US,45,2020-03-22,194,3
US,46,2020-03-22,21,1
US,47,2020-03-22,424,2
US,48,2020-03-22,632,7
US,49,2020-03-22,182,1
US,50,2020-03-22,52,2
US,78,2020-03-22,17,0
US,51,2020-03-22,219,6
US,53,2020-03-22,1844,97
US,54,2020-03-22,16,0
US,55,2020-03-22,382,4
US,56,2020-03-22,26,0
US,01,2020-03-23,196,0
US,02,2020-03-23,36,0
US,04,2020-03-23,234,2
US,05,2020-03-23,201,0
US,06,2020-03-23,2240,39
US,08,2020-03-23,721,10
US,09,2020-03-23,415,10
US,10,2020-03-23,87,0
US,11,2020-03-23,116,2
US,12,2020-03-23,1222,18
US,13,2020-03-23,800,25
US,66,2020-03-23,29,1
US,15,2020-03-23,77,0
US,16,2020-03-23,50,0
US,17,2020-03-23,1285,12
US,18,2020-03-23,259,7
US,19,2020-03-23,105,0
US,20,2020-03-23,82,2
US,21,2020-03-23,124,3
US,22,2020-03-23,1172,34
US,23,2020-03-23,107,0
US,24,2020-03-23,290,3
US,25,2020-03-23,777,9
US,26,2020-03-23,1324,16
US,27,2020-03-23,235,1
US,28,2020-03-23,249,1
US,29,2020-03-23,183,4
US,30,2020-03-23,45,0
US,31,2020-03-23,73,0
US,32,2020-03-23,265,4
US,33,2020-03-23,101,1
US,34,2020-03-23,2844,27
US,35,2020-03-23,83,0
US,36,2020-03-23,20899,183
US,37,2020-03-23,302,0
US,38,2020-03-23,32,0
US,39,2020-03-23,444,6
US,40,2020-03-23,81,2
US,41,2020-03-23,191,5
US,42,2020-03-23,644,6
US,72,2020-03-23,31,2
US,44,2020-03-23,106,0
US,45,2020-03-23,299,5
US,46,2020-03-23,28,1
US,47,2020-03-23,522,2
US,48,2020-03-23,728,7
US,49,2020-03-23,257,1
US,50,2020-03-23,75,2
US,78,2020-03-23,17,0
US,51,2020-03-23,254,6
US,53,2020-03-23,2101,110
US,54,2020-03-23,16,0
US,55,2020-03-23,418,5
US,56,2020-03-23,28,0
US,01,2020-03-24,242,0
US,02,2020-03-24,42,0
US,04,2020-03-24,326,6
US,05,2020-03-24,231,2
US,06,2020-03-24,2644,52
US,08,2020-03-24,912,11
US,09,2020-03-24,618,12
US,10,2020-03-24,104,0
US,11,2020-03-24,137,2
US,12,2020-03-24,1467,19
US,13,2020-03-24,1095,38
US,66,2020-03-24,32,1
US,15,2020-03-24,90,0
US,16,2020-03-24,73,0
US,17,2020-03-24,1535,16
US,18,2020-03-24,366,12
US,19,2020-03-24,124,1
US,20,2020-03-24,99,3
US,21,2020-03-24,157,3
US,22,2020-03-24,1388,46
US,23,2020-03-24,118,0
US,24,2020-03-24,349,4
US,25,2020-03-24,1159,11
US,26,2020-03-24,1791,24
US,27,2020-03-24,262,1
US,28,2020-03-24,320,1
US,29,2020-03-24,255,5
US,30,2020-03-24,51,0
US,31,2020-03-24,77,0
US,32,2020-03-24,315,6
US,33,2020-03-24,108,1
US,34,2020-03-24,3675,44
US,35,2020-03-24,100,0
US,36,2020-03-24,25703,256
US,37,2020-03-24,397,0
US,38,2020-03-24,36,0
US,39,2020-03-24,564,8
US,40,2020-03-24,106,3
US,41,2020-03-24,209,8
US,42,2020-03-24,851,7
US,72,2020-03-24,39,2
US,44,2020-03-24,124,0
US,45,2020-03-24,342,7
US,46,2020-03-24,30,1
US,47,2020-03-24,678,2
US,48,2020-03-24,857,11
US,49,2020-03-24,298,1
US,50,2020-03-24,95,7
US,78,2020-03-24,17,0
US,51,2020-03-24,290,7
US,53,2020-03-24,2469,123
US,54,2020-03-24,39,0
US,55,2020-03-24,481,5
US,56,2020-03-24,37,0
US,01,2020-03-25,386,1
US,02,2020-03-25,59,0
US,04,2020-03-25,402,6
US,05,2020-03-25,307,2
US,06,2020-03-25,3183,67
US,08,2020-03-25,1086,19
US,09,2020-03-25,875,19
US,10,2020-03-25,119,0
US,11,2020-03-25,183,2
US,12,2020-03-25,1965,23
US,13,2020-03-25,1385,47
US,66,2020-03-25,32,1
US,15,2020-03-25,95,0
US,16,2020-03-25,123,0
US,17,2020-03-25,1874,21
US,18,2020-03-25,479,14
US,19,2020-03-25,145,1
US,20,2020-03-25,132,3
US,21,2020-03-25,198,5
US,22,2020-03-25,1795,65
US,23,2020-03-25,142,0
US,24,2020-03-25,423,4
US,25,2020-03-25,1838,15
US,26,2020-03-25,2293,43
US,27,2020-03-25,287,1
US,28,2020-03-25,376,5
US,29,2020-03-25,377,8
US,30,2020-03-25,65,0
US,31,2020-03-25,84,0
US,32,2020-03-25,405,10
US,33,2020-03-25,137,1
US,34,2020-03-25,4402,62
US,35,2020-03-25,112,1
US,36,2020-03-25,33116,375
US,37,2020-03-25,561,1
US,38,2020-03-25,45,0
US,39,2020-03-25,706,11
US,40,2020-03-25,164,5
US,41,2020-03-25,266,10
US,42,2020-03-25,1151,11
US,72,2020-03-25,51,2
US,44,2020-03-25,132,0
US,45,2020-03-25,424,7
US,46,2020-03-25,41,1
US,47,2020-03-25,806,3
US,48,2020-03-25,1119,12
US,49,2020-03-25,346,1
US,50,2020-03-25,123,8
US,78,2020-03-25,17,0
US,51,2020-03-25,390,9
US,53,2020-03-25,2585,130
US,54,2020-03-25,51,0
US,55,2020-03-25,623,7
US,56,2020-03-25,49,0
US,01,2020-03-26,538,3
US,02,2020-03-26,69,0
US,04,2020-03-26,508,8
US,05,2020-03-26,350,3
US,06,2020-03-26,4060,82
US,08,2020-03-26,1432,24
US,09,2020-03-26,1012,21
US,10,2020-03-26,143,1
US,11,2020-03-26,231,3
US,12,2020-03-26,2477,29
US,13,2020-03-26,1641,56
US,66,2020-03-26,49,1
US,15,2020-03-26,106,0
US,16,2020-03-26,189,3
US,17,2020-03-26,2538,26
US,18,2020-03-26,656,18
US,19,2020-03-26,179,1
US,20,2020-03-26,171,3
US,21,2020-03-26,248,5
US,22,2020-03-26,2305,83
US,23,2020-03-26,155,0
US,24,2020-03-26,581,4
US,25,2020-03-26,2417,25
US,26,2020-03-26,2877,63
US,27,2020-03-26,346,2
US,28,2020-03-26,486,6
US,29,2020-03-26,507,8
US,30,2020-03-26,90,0
US,31,2020-03-26,91,0
US,32,2020-03-26,535,10
US,33,2020-03-26,158,1
US,34,2020-03-26,6876,81
US,35,2020-03-26,136,1
US,36,2020-03-26,39057,502
US,37,2020-03-26,637,2
US,38,2020-03-26,58,0
US,39,2020-03-26,867,15
US,40,2020-03-26,248,7
US,41,2020-03-26,316,11
US,42,2020-03-26,1690,16
US,72,2020-03-26,64,2
US,44,2020-03-26,165,0
US,45,2020-03-26,456,9
US,46,2020-03-26,46,1
US,47,2020-03-26,981,3
US,48,2020-03-26,1542,21
US,49,2020-03-26,402,1
US,50,2020-03-26,158,9
US,78,2020-03-26,17,0
US,51,2020-03-26,603,14
US,53,2020-03-26,3208,151
US,54,2020-03-26,76,0
US,55,2020-03-26,754,10
US,56,2020-03-26,56,0
US,01,2020-03-27,639,4
US,02,2020-03-27,85,1
US,04,2020-03-27,665,15
US,05,2020-03-27,385,3
US,06,2020-03-27,4914,102
US,08,2020-03-27,1735,31
US,09,2020-03-27,1291,27
US,10,2020-03-27,165,2
US,11,2020-03-27,267,3
US,12,2020-03-27,3198,46
US,13,2020-03-27,2198,64
US,66,2020-03-27,53,1
US,15,2020-03-27,120,0
US,16,2020-03-27,231,4
US,17,2020-03-27,3029,37
US,18,2020-03-27,982,26
US,19,2020-03-27,235,3
US,20,2020-03-27,212,4
US,21,2020-03-27,302,8
US,22,2020-03-27,2746,119
US,23,2020-03-27,168,1
US,24,2020-03-27,775,5
US,25,2020-03-27,3240,35
US,26,2020-03-27,3655,93
US,27,2020-03-27,398,4
US,28,2020-03-27,579,8
US,29,2020-03-27,670,9
US,30,2020-03-27,121,1
US,31,2020-03-27,99,2
US,32,2020-03-27,621,10
US,33,2020-03-27,187,2
US,34,2020-03-27,8825,108
US,35,2020-03-27,191,1
US,36,2020-03-27,44745,645
US,37,2020-03-27,782,3
US,38,2020-03-27,68,1
US,39,2020-03-27,1144,22
US,40,2020-03-27,322,8
US,41,2020-03-27,414,12
US,42,2020-03-27,2217,23
US,72,2020-03-27,79,3
US,44,2020-03-27,203,0
US,45,2020-03-27,539,13
US,46,2020-03-27,58,1
US,47,2020-03-27,1180,6
US,48,2020-03-27,1940,23
US,49,2020-03-27,480,2
US,50,2020-03-27,184,10
US,78,2020-03-27,19,0
US,51,2020-03-27,605,14
US,53,2020-03-27,3770,177
US,54,2020-03-27,96,0
US,55,2020-03-27,930,16
US,56,2020-03-27,73,0
US,01,2020-03-28,720,4
US,02,2020-03-28,102,1
US,04,2020-03-28,773,15
US,05,2020-03-28,409,5
US,06,2020-03-28,5565,121
US,08,2020-03-28,2061,44
US,09,2020-03-28,1524,33
US,10,2020-03-28,214,5
US,11,2020-03-28,304,4
US,12,2020-03-28,4038,56
US,13,2020-03-28,2447,79
US,66,2020-03-28,57,1
US,15,2020-03-28,151,0
US,16,2020-03-28,261,5
US,17,2020-03-28,3547,50
US,18,2020-03-28,1232,31
US,19,2020-03-28,298,3
US,20,2020-03-28,271,6
US,21,2020-03-28,394,9
US,22,2020-03-28,3315,137
US,23,2020-03-28,211,1
US,24,2020-03-28,1066,10
US,25,2020-03-28,4257,44
US,26,2020-03-28,4634,111
US,27,2020-03-28,440,5
US,28,2020-03-28,669,13
US,29,2020-03-28,837,10
US,30,2020-03-28,147,1
US,31,2020-03-28,121,2
US,32,2020-03-28,738,14
US,33,2020-03-28,214,2
US,34,2020-03-28,11124,140
US,35,2020-03-28,208,2
US,36,2020-03-28,53516,935
US,37,2020-03-28,971,4
US,38,2020-03-28,93,1
US,69,2020-03-28,2,0
US,39,2020-03-28,1406,25
US,40,2020-03-28,377,15
US,41,2020-03-28,479,13
US,42,2020-03-28,2815,35
US,72,2020-03-28,100,3
US,44,2020-03-28,239,2
US,45,2020-03-28,660,15
US,46,2020-03-28,68,1
US,47,2020-03-28,1363,6
US,48,2020-03-28,2158,29
US,49,2020-03-28,608,2
US,50,2020-03-28,211,12
US,78,2020-03-28,19,0
US,51,2020-03-28,739,17
US,53,2020-03-28,4311,191
US,54,2020-03-28,113,0
US,55,2020-03-28,1042,17
US,56,2020-03-28,84,0
US,01,2020-03-29,830,5
US,02,2020-03-29,114,1
US,04,2020-03-29,929,18
US,05,2020-03-29,449,6
US,06,2020-03-29,6266,130
US,08,2020-03-29,2315,47
US,09,2020-03-29,1993,34
US,10,2020-03-29,232,6
US,11,2020-03-29,342,5
US,12,2020-03-29,4942,59
US,13,2020-03-29,2683,83
US,66,2020-03-29,58,1
US,15,2020-03-29,175,0
US,16,2020-03-29,310,6
US,17,2020-03-29,4613,70
US,18,2020-03-29,1514,32
US,19,2020-03-29,336,4
US,20,2020-03-29,332,7
US,21,2020-03-29,439,9
US,22,2020-03-29,3539,152
US,23,2020-03-29,253,3
US,24,2020-03-29,1244,11
US,25,2020-03-29,4955,48
US,26,2020-03-29,5486,132
US,27,2020-03-29,504,9
US,28,2020-03-29,759,14
US,29,2020-03-29,902,12
US,30,2020-03-29,161,1
US,31,2020-03-29,136,2
US,32,2020-03-29,920,15
US,33,2020-03-29,258,3
US,34,2020-03-29,13386,161
US,35,2020-03-29,237,2
US,36,2020-03-29,59783,1180
US,37,2020-03-29,1164,6
US,38,2020-03-29,97,1
US,69,2020-03-29,2,0
US,39,2020-03-29,1665,30
US,40,2020-03-29,429,16
US,41,2020-03-29,548,13
US,42,2020-03-29,3441,40
US,72,2020-03-29,127,5
US,44,2020-03-29,294,3
US,45,2020-03-29,774,16
US,46,2020-03-29,90,1
US,47,2020-03-29,1569,7
US,48,2020-03-29,2709,35
US,49,2020-03-29,719,2
US,50,2020-03-29,235,12
US,78,2020-03-29,23,0
US,51,2020-03-29,889,22
US,53,2020-03-29,4896,207
US,54,2020-03-29,124,1
US,55,2020-03-29,1120,17
US,56,2020-03-29,87,0
US,01,2020-03-30,947,11
US,02,2020-03-30,119,2
US,04,2020-03-30,1169,20
US,05,2020-03-30,508,7
US,06,2020-03-30,7421,146
US,08,2020-03-30,2628,51
US,09,2020-03-30,2571,36
US,10,2020-03-30,264,7
US,11,2020-03-30,401,9
US,12,2020-03-30,5694,71
US,13,2020-03-30,3032,102
US,66,2020-03-30,60,1
US,15,2020-03-30,204,0
US,16,2020-03-30,415,7
US,17,2020-03-30,5070,84
US,18,2020-03-30,1788,35
US,19,2020-03-30,424,6
US,20,2020-03-30,373,9
US,21,2020-03-30,480,11
US,22,2020-03-30,4024,186
US,23,2020-03-30,275,3
US,24,2020-03-30,1414,15
US,25,2020-03-30,5752,56
US,26,2020-03-30,6508,197
US,27,2020-03-30,576,10
US,28,2020-03-30,848,16
US,29,2020-03-30,1049,13
US,30,2020-03-30,177,4
US,31,2020-03-30,185,3
US,32,2020-03-30,1044,18
US,33,2020-03-30,314,3
US,34,2020-03-30,16636,199
US,35,2020-03-30,281,4
US,36,2020-03-30,67462,1512
US,37,2020-03-30,1302,6
US,38,2020-03-30,108,3
US,69,2020-03-30,2,0
US,39,2020-03-30,1933,40
US,40,2020-03-30,481,17
US,41,2020-03-30,606,16
US,42,2020-03-30,4156,48
US,72,2020-03-30,174,6
US,44,2020-03-30,408,4
US,45,2020-03-30,925,18
US,46,2020-03-30,100,1
US,47,2020-03-30,1721,13
US,48,2020-03-30,3036,46
US,49,2020-03-30,806,4
US,50,2020-03-30,256,12
US,78,2020-03-30,30,0
US,51,2020-03-30,1020,26
US,53,2020-03-30,5179,221
US,54,2020-03-30,145,1
US,55,2020-03-30,1267,20
US,56,2020-03-30,95,0
US,01,2020-03-31,999,13
US,02,2020-03-31,133,2
US,04,2020-03-31,1298,24
US,05,2020-03-31,564,8
US,06,2020-03-31,8582,183
US,08,2020-03-31,2990,69
US,09,2020-03-31,3128,69
US,10,2020-03-31,319,10
US,11,2020-03-31,495,9
US,12,2020-03-31,6741,85
US,13,2020-03-31,4116,125
US,66,2020-03-31,139,2
US,15,2020-03-31,224,1
US,16,2020-03-31,526,9
US,17,2020-03-31,5992,107
US,18,2020-03-31,2159,50
US,19,2020-03-31,498,7
US,20,2020-03-31,434,10
US,21,2020-03-31,590,18
US,22,2020-03-31,5237,240
US,23,2020-03-31,303,5
US,24,2020-03-31,1662,18
US,25,2020-03-31,6620,89
US,26,2020-03-31,7629,264
US,27,2020-03-31,629,12
US,28,2020-03-31,937,20
US,29,2020-03-31,1350,15
US,30,2020-03-31,198,5
US,31,2020-03-31,193,4
US,32,2020-03-31,1113,26
US,33,2020-03-31,367,3
US,34,2020-03-31,18696,267
US,35,2020-03-31,315,5
US,36,2020-03-31,76211,1929
US,37,2020-03-31,1526,10
US,38,2020-03-31,126,3
US,69,2020-03-31,2,0
US,39,2020-03-31,2199,55
US,40,2020-03-31,566,23
US,41,2020-03-31,690,18
US,42,2020-03-31,4997,72
US,72,2020-03-31,239,8
US,44,2020-03-31,488,8
US,45,2020-03-31,1083,22
US,46,2020-03-31,107,1
US,47,2020-03-31,2049,13
US,48,2020-03-31,3570,57
US,49,2020-03-31,887,5
US,50,2020-03-31,293,13
US,78,2020-03-31,30,0
US,51,2020-03-31,1249,27
US,53,2020-03-31,5292,226
US,54,2020-03-31,162,1
US,55,2020-03-31,1351,25
US,56,2020-03-31,120,0
US,01,2020-04-01,1106,28
US,02,2020-04-01,143,2
US,04,2020-04-01,1413,29
US,05,2020-04-01,624,10
US,06,2020-04-01,9816,212
US,08,2020-04-01,3346,80
US,09,2020-04-01,3557,85
US,10,2020-04-01,368,11
US,11,2020-04-01,586,11
US,12,2020-04-01,7765,100
US,13,2020-04-01,4747,154
US,66,2020-04-01,147,3
US,15,2020-04-01,258,1
US,16,2020-04-01,669,9
US,17,2020-04-01,6978,146
US,18,2020-04-01,2564,65
US,19,2020-04-01,549,9
US,20,2020-04-01,488,11
US,21,2020-04-01,674,20
US,22,2020-04-01,6424,273
US,23,2020-04-01,344,7
US,24,2020-04-01,1985,33
US,25,2020-04-01,7738,122
US,26,2020-04-01,9292,336
US,27,2020-04-01,689,17
US,28,2020-04-01,1073,22
US,29,2020-04-01,1580,18
US,30,2020-04-01,217,5
US,31,2020-04-01,249,5
US,32,2020-04-01,1279,32
US,33,2020-04-01,415,4
US,34,2020-04-01,22255,355
US,35,2020-04-01,363,6
US,36,2020-04-01,84363,2415
US,37,2020-04-01,1580,11
US,38,2020-04-01,147,3
US,69,2020-04-01,6,1
US,39,2020-04-01,2547,65
US,40,2020-04-01,719,30
US,41,2020-04-01,736,19
US,42,2020-04-01,5805,74
US,72,2020-04-01,286,11
US,44,2020-04-01,566,10
US,45,2020-04-01,1293,26
US,46,2020-04-01,128,2
US,47,2020-04-01,2689,23
US,48,2020-04-01,4255,63
US,49,2020-04-01,1012,7
US,50,2020-04-01,321,16
US,78,2020-04-01,30,0
US,51,2020-04-01,1511,34
US,53,2020-04-01,5588,249
US,54,2020-04-01,191,2
US,55,2020-04-01,1550,33
US,56,2020-04-01,137,0
US,01,2020-04-02,1270,32
US,02,2020-04-02,146,2
US,04,2020-04-02,1600,35
US,05,2020-04-02,683,12
US,06,2020-04-02,11190,247
US,08,2020-04-02,3728,96
US,09,2020-04-02,3824,112
US,10,2020-04-02,393,12
US,11,2020-04-02,653,12
US,12,2020-04-02,9000,144
US,13,2020-04-02,5444,176
US,66,2020-04-02,152,3
US,15,2020-04-02,283,2
US,16,2020-04-02,890,9
US,17,2020-04-02,7695,165
US,18,2020-04-02,3040,78
US,19,2020-04-02,614,11
US,20,2020-04-02,554,14
US,21,2020-04-02,747,34
US,22,2020-04-02,9152,310
US,23,2020-04-02,376,7
US,24,2020-04-02,2331,36
US,25,2020-04-02,8966,154
US,26,2020-04-02,10791,417
US,27,2020-04-02,742,18
US,28,2020-04-02,1177,26
US,29,2020-04-02,1834,24
US,30,2020-04-02,241,5
US,31,2020-04-02,273,6
US,32,2020-04-02,1458,38
US,33,2020-04-02,479,5
US,34,2020-04-02,25590,539
US,35,2020-04-02,403,7
US,36,2020-04-02,92971,2963
US,37,2020-04-02,1857,17
US,38,2020-04-02,159,3
US,69,2020-04-02,8,1
US,39,2020-04-02,2902,81
US,40,2020-04-02,879,34
US,41,2020-04-02,826,21
US,42,2020-04-02,7016,90
US,72,2020-04-02,316,12
US,44,2020-04-02,657,12
US,45,2020-04-02,1554,31
US,46,2020-04-02,165,2
US,47,2020-04-02,2868,32
US,48,2020-04-02,4880,79
US,49,2020-04-02,1077,7
US,50,2020-04-02,338,17
US,78,2020-04-02,37,0
US,51,2020-04-02,1705,41
US,53,2020-04-02,6585,272
US,54,2020-04-02,217,2
US,55,2020-04-02,1730,37
US,56,2020-04-02,153,0
US,01,2020-04-03,1535,38
US,02,2020-04-03,156,2
US,04,2020-04-03,1769,41
US,05,2020-04-03,738,12
US,06,2020-04-03,12569,282
US,08,2020-04-03,4182,110
US,09,2020-04-03,4915,132
US,10,2020-04-03,450,14
US,11,2020-04-03,757,15
US,12,2020-04-03,10260,169
US,13,2020-04-03,5967,198
US,66,2020-04-03,154,4
US,15,2020-04-03,317,3
US,16,2020-04-03,1012,10
US,17,2020-04-03,8904,211
US,18,2020-04-03,3439,102
US,19,2020-04-03,699,11
US,20,2020-04-03,624,19
US,21,2020-04-03,762,34
US,22,2020-04-03,10299,370
US,23,2020-04-03,432,9
US,24,2020-04-03,2758,42
US,25,2020-04-03,10402,192
US,26,2020-04-03,12669,478
US,27,2020-04-03,789,22
US,28,2020-04-03,1358,29
US,29,2020-04-03,2113,31
US,30,2020-04-03,262,5
US,31,2020-04-03,296,6
US,32,2020-04-03,1549,43
US,33,2020-04-03,540,7
US,34,2020-04-03,29895,647
US,35,2020-04-03,495,10
US,36,2020-04-03,103651,3716
US,37,2020-04-03,2093,19
US,38,2020-04-03,173,3
US,69,2020-04-03,8,1
US,39,2020-04-03,3312,91
US,40,2020-04-03,987,38
US,41,2020-04-03,899,22
US,42,2020-04-03,8420,102
US,72,2020-04-03,378,15
US,44,2020-04-03,711,14
US,45,2020-04-03,1700,34
US,46,2020-04-03,187,2
US,47,2020-04-03,3032,36
US,48,2020-04-03,5669,97
US,49,2020-04-03,1248,7
US,50,2020-04-03,389,17
US,78,2020-04-03,38,0
US,51,2020-04-03,2011,46
US,53,2020-04-03,6966,293
US,54,2020-04-03,242,2
US,55,2020-04-03,1916,49
US,56,2020-04-03,166,0
US,01,2020-04-04,1632,44
US,02,2020-04-04,169,3
US,04,2020-04-04,2019,53
US,05,2020-04-04,743,14
US,06,2020-04-04,13796,323
US,08,2020-04-04,4574,126
US,09,2020-04-04,5276,165
US,10,2020-04-04,593,14
US,11,2020-04-04,902,21
US,12,2020-04-04,11537,194
US,13,2020-04-04,6383,208
US,66,2020-04-04,223,4
US,15,2020-04-04,349,3
US,16,2020-04-04,1076,10
US,17,2020-04-04,10357,248
US,18,2020-04-04,3955,116
US,19,2020-04-04,786,11
US,20,2020-04-04,701,21
US,21,2020-04-04,909,40
US,22,2020-04-04,12500,412
US,23,2020-04-04,456,10
US,24,2020-04-04,3125,54
US,25,2020-04-04,11736,216
US,26,2020-04-04,14225,540
US,27,2020-04-04,865,24
US,28,2020-04-04,1455,35
US,29,2020-04-04,2291,44
US,30,2020-04-04,281,6
US,31,2020-04-04,339,8
US,32,2020-04-04,1758,46
US,33,2020-04-04,621,9
US,34,2020-04-04,34124,847
US,35,2020-04-04,543,11
US,36,2020-04-04,115963,4535
US,37,2020-04-04,2402,30
US,38,2020-04-04,186,3
US,69,2020-04-04,8,1
US,39,2020-04-04,3739,102
US,40,2020-04-04,1159,42
US,41,2020-04-04,999,26
US,42,2020-04-04,10109,139
US,72,2020-04-04,452,18
US,44,2020-04-04,806,17
US,45,2020-04-04,1917,40
US,46,2020-04-04,212,2
US,47,2020-04-04,3265,47
US,48,2020-04-04,6566,124
US,49,2020-04-04,1426,8
US,50,2020-04-04,461,20
US,78,2020-04-04,42,0
US,51,2020-04-04,2406,52
US,53,2020-04-04,7498,318
US,54,2020-04-04,282,2
US,55,2020-04-04,2112,60
US,56,2020-04-04,188,0
US,01,2020-04-05,1840,45
US,02,2020-04-05,183,4
US,04,2020-04-05,2269,64
US,05,2020-04-05,853,16
US,06,2020-04-05,15076,349
US,08,2020-04-05,4950,140
US,09,2020-04-05,5675,189
US,10,2020-04-05,673,14
US,11,2020-04-05,998,22
US,12,2020-04-05,12342,220
US,13,2020-04-05,6742,219
US,66,2020-04-05,265,4
US,15,2020-04-05,369,4
US,16,2020-04-05,1100,10
US,17,2020-04-05,11276,282
US,18,2020-04-05,4413,127
US,19,2020-04-05,868,22
US,20,2020-04-05,763,23
US,21,2020-04-05,1048,44
US,22,2020-04-05,13014,477
US,23,2020-04-05,470,10
US,24,2020-04-05,3609,68
US,25,2020-04-05,12500,231
US,26,2020-04-05,15633,616
US,27,2020-04-05,935,29
US,28,2020-04-05,1638,43
US,29,2020-04-05,2367,52
US,30,2020-04-05,298,6
US,31,2020-04-05,376,8
US,32,2020-04-05,1880,46
US,33,2020-04-05,669,9
US,34,2020-04-05,37505,917
US,35,2020-04-05,624,12
US,36,2020-04-05,124085,5335
US,37,2020-04-05,2585,37
US,38,2020-04-05,207,3
US,69,2020-04-05,8,1
US,39,2020-04-05,4043,119
US,40,2020-04-05,1251,46
US,41,2020-04-05,1068,27
US,42,2020-04-05,11589,159
US,72,2020-04-05,475,20
US,44,2020-04-05,922,25
US,45,2020-04-05,2049,44
US,46,2020-04-05,240,2
US,47,2020-04-05,3538,50
US,48,2020-04-05,7091,136
US,49,2020-04-05,1618,8
US,50,2020-04-05,512,22
US,78,2020-04-05,42,0
US,51,2020-04-05,2636,52
US,53,2020-04-05,7984,344
US,54,2020-04-05,324,3
US,55,2020-04-05,2267,73
US,56,2020-04-05,200,0
US,01,2020-04-06,2005,53
US,02,2020-04-06,189,4
US,04,2020-04-06,2465,67
US,05,2020-04-06,927,16
US,06,2020-04-06,16284,386
US,08,2020-04-06,5172,150
US,09,2020-04-06,6906,206
US,10,2020-04-06,783,15
US,11,2020-04-06,1097,24
US,12,2020-04-06,13621,253
US,13,2020-04-06,7558,294
US,66,2020-04-06,266,4
US,15,2020-04-06,385,5
US,16,2020-04-06,1170,13
US,17,2020-04-06,12262,309
US,18,2020-04-06,4956,141
US,19,2020-04-06,946,25
US,20,2020-04-06,853,25
US,21,2020-04-06,1057,52
US,22,2020-04-06,14867,512
US,23,2020-04-06,499,10
US,24,2020-04-06,4045,92
US,25,2020-04-06,13837,260
US,26,2020-04-06,17129,727
US,27,2020-04-06,986,30
US,28,2020-04-06,1738,51
US,29,2020-04-06,2722,56
US,30,2020-04-06,319,6
US,31,2020-04-06,437,10
US,32,2020-04-06,1971,58
US,33,2020-04-06,715,9
US,34,2020-04-06,41090,1005
US,35,2020-04-06,686,12
US,36,2020-04-06,132061,6130
US,37,2020-04-06,2870,40
US,38,2020-04-06,225,3
US,69,2020-04-06,8,1
US,39,2020-04-06,4450,142
US,40,2020-04-06,1326,51
US,41,2020-04-06,1132,29
US,42,2020-04-06,13074,169
US,72,2020-04-06,513,21
US,44,2020-04-06,1082,27
US,45,2020-04-06,2232,48
US,46,2020-04-06,288,4
US,47,2020-04-06,3753,65
US,48,2020-04-06,8104,159
US,49,2020-04-06,1662,13
US,50,2020-04-06,543,23
US,78,2020-04-06,43,1
US,51,2020-04-06,2877,54
US,53,2020-04-06,8384,383
US,54,2020-04-06,345,4
US,55,2020-04-06,2440,83
US,56,2020-04-06,212,0
US,01,2020-04-07,2197,64
US,02,2020-04-07,211,4
US,04,2020-04-07,2575,77
US,05,2020-04-07,997,18
US,06,2020-04-07,17540,447
US,08,2020-04-07,5429,179
US,09,2020-04-07,7781,277
US,10,2020-04-07,928,16
US,11,2020-04-07,1211,24
US,12,2020-04-07,14739,295
US,13,2020-04-07,9156,348
US,66,2020-04-07,274,4
US,15,2020-04-07,408,5
US,16,2020-04-07,1210,15
US,17,2020-04-07,13549,384
US,18,2020-04-07,5507,173
US,19,2020-04-07,1048,26
US,20,2020-04-07,905,30
US,21,2020-04-07,1289,66
US,22,2020-04-07,16284,582
US,23,2020-04-07,519,12
US,24,2020-04-07,4371,104
US,25,2020-04-07,15202,356
US,26,2020-04-07,18851,845
US,27,2020-04-07,1069,34
US,28,2020-04-07,1915,59
US,29,2020-04-07,3037,79
US,30,2020-04-07,319,6
US,31,2020-04-07,490,12
US,32,2020-04-07,2101,60
US,33,2020-04-07,747,13
US,34,2020-04-07,44416,1232
US,35,2020-04-07,794,13
US,36,2020-04-07,141703,7185
US,37,2020-04-07,3220,50
US,38,2020-04-07,237,4
US,69,2020-04-07,8,2
US,39,2020-04-07,4783,167
US,40,2020-04-07,1470,67
US,41,2020-04-07,1181,33
US,42,2020-04-07,14582,240
US,72,2020-04-07,573,23
US,44,2020-04-07,1229,30
US,45,2020-04-07,2417,51
US,46,2020-04-07,320,6
US,47,2020-04-07,4010,72
US,48,2020-04-07,8968,177
US,49,2020-04-07,1737,13
US,50,2020-04-07,575,23
US,78,2020-04-07,45,1
US,51,2020-04-07,3332,69
US,53,2020-04-07,8682,409
US,54,2020-04-07,412,4
US,55,2020-04-07,2578,94
US,56,2020-04-07,221,0
US,01,2020-04-08,2498,67
US,02,2020-04-08,224,5
US,04,2020-04-08,2726,80
US,05,2020-04-08,1077,18
US,06,2020-04-08,19043,506
US,08,2020-04-08,5655,192
US,09,2020-04-08,8781,335
US,10,2020-04-08,1116,19
US,11,2020-04-08,1440,27
US,12,2020-04-08,15690,322
US,13,2020-04-08,10204,370
US,66,2020-04-08,409,4
US,15,2020-04-08,433,5
US,16,2020-04-08,1232,19
US,17,2020-04-08,15078,464
US,18,2020-04-08,5943,203
US,19,2020-04-08,1145,27
US,20,2020-04-08,1055,38
US,21,2020-04-08,1393,73
US,22,2020-04-08,17030,652
US,23,2020-04-08,537,14
US,24,2020-04-08,5529,124
US,25,2020-04-08,16790,433
US,26,2020-04-08,20220,959
US,27,2020-04-08,1154,39
US,28,2020-04-08,2003,67
US,29,2020-04-08,3327,86
US,30,2020-04-08,332,6
US,31,2020-04-08,538,14
US,32,2020-04-08,2318,80
US,33,2020-04-08,788,18
US,34,2020-04-08,47437,1504
US,35,2020-04-08,865,16
US,36,2020-04-08,151271,8138
US,37,2020-04-08,3423,61
US,38,2020-04-08,251,4
US,69,2020-04-08,11,2
US,39,2020-04-08,5149,193
US,40,2020-04-08,1523,79
US,41,2020-04-08,1239,38
US,42,2020-04-08,16414,313
US,72,2020-04-08,620,24
US,44,2020-04-08,1450,35
US,45,2020-04-08,2552,63
US,46,2020-04-08,393,6
US,47,2020-04-08,4246,83
US,48,2020-04-08,9897,195
US,49,2020-04-08,1860,13
US,50,2020-04-08,605,23
US,78,2020-04-08,45,1
US,51,2020-04-08,3644,75
US,53,2020-04-08,9097,430
US,54,2020-04-08,483,4
US,55,2020-04-08,2756,107
US,56,2020-04-08,230,0
US,01,2020-04-09,2838,78
US,02,2020-04-09,233,5
US,04,2020-04-09,3018,89
US,05,2020-04-09,1146,21
US,06,2020-04-09,20191,548
US,08,2020-04-09,6202,227
US,09,2020-04-09,9784,380
US,10,2020-04-09,1209,23
US,11,2020-04-09,1523,32
US,12,2020-04-09,16819,370
US,13,2020-04-09,10885,412
US,66,2020-04-09,542,4
US,15,2020-04-09,440,6
US,16,2020-04-09,1353,24
US,17,2020-04-09,16422,534
US,18,2020-04-09,6351,246
US,19,2020-04-09,1270,27
US,20,2020-04-09,1116,42
US,21,2020-04-09,1525,84
US,22,2020-04-09,18283,702
US,23,2020-04-09,560,16
US,24,2020-04-09,6185,139
US,25,2020-04-09,18941,503
US,26,2020-04-09,21375,1076
US,27,2020-04-09,1242,50
US,28,2020-04-09,2260,76
US,29,2020-04-09,3539,94
US,30,2020-04-09,354,6
US,31,2020-04-09,594,15
US,32,2020-04-09,2456,82
US,33,2020-04-09,819,21
US,34,2020-04-09,51027,1700
US,35,2020-04-09,989,17
US,36,2020-04-09,162036,9166
US,37,2020-04-09,3651,74
US,38,2020-04-09,269,5
US,69,2020-04-09,11,2
US,39,2020-04-09,5513,213
US,40,2020-04-09,1683,80
US,41,2020-04-09,1321,44
US,42,2020-04-09,18379,344
US,72,2020-04-09,683,33
US,44,2020-04-09,1727,43
US,45,2020-04-09,2792,67
US,46,2020-04-09,447,6
US,47,2020-04-09,4456,95
US,48,2020-04-09,11372,228
US,49,2020-04-09,1980,13
US,50,2020-04-09,628,23
US,78,2020-04-09,46,1
US,51,2020-04-09,4041,109
US,53,2020-04-09,9608,456
US,54,2020-04-09,524,5
US,55,2020-04-09,2885,116
US,56,2020-04-09,303,0
US,01,2020-04-10,3008,80
US,02,2020-04-10,244,5
US,04,2020-04-10,3112,97
US,05,2020-04-10,1202,24
US,06,2020-04-10,21366,594
US,08,2020-04-10,6510,253
US,09,2020-04-10,10538,448
US,10,2020-04-10,1326,32
US,11,2020-04-10,1660,38
US,12,2020-04-10,17960,418
US,13,2020-04-10,11859,425
US,66,2020-04-10,577,4
US,15,2020-04-10,463,8
US,16,2020-04-10,1397,25
US,17,2020-04-10,17887,607
US,18,2020-04-10,6907,300
US,19,2020-04-10,1388,31
US,20,2020-04-10,1180,50
US,21,2020-04-10,1702,90
US,22,2020-04-10,19253,755
US,23,2020-04-10,586,17
US,24,2020-04-10,6968,172
US,25,2020-04-10,20974,599
US,26,2020-04-10,22646,1280
US,27,2020-04-10,1335,57
US,28,2020-04-10,2469,82
US,29,2020-04-10,3799,105
US,30,2020-04-10,365,6
US,31,2020-04-10,678,18
US,32,2020-04-10,2606,86
US,33,2020-04-10,885,22
US,34,2020-04-10,54588,1932
US,35,2020-04-10,1090,19
US,36,2020-04-10,172830,10162
US,37,2020-04-10,3906,78
US,38,2020-04-10,278,7
US,69,2020-04-10,11,2
US,39,2020-04-10,5879,231
US,40,2020-04-10,1794,88
US,41,2020-04-10,1371,48
US,42,2020-04-10,20128,435
US,72,2020-04-10,725,39
US,44,2020-04-10,2015,49
US,45,2020-04-10,3065,72
US,46,2020-04-10,536,6
US,47,2020-04-10,4793,104
US,48,2020-04-10,12290,246
US,49,2020-04-10,2103,17
US,50,2020-04-10,679,24
US,78,2020-04-10,46,1
US,51,2020-04-10,4508,121
US,53,2020-04-10,9887,483
US,54,2020-04-10,537,5
US,55,2020-04-10,3068,131
US,56,2020-04-10,320,0
US,01,2020-04-11,3262,93
US,02,2020-04-11,255,6
US,04,2020-04-11,3393,112
US,05,2020-04-11,1228,25
US,06,2020-04-11,22421,632
US,08,2020-04-11,6893,274
US,09,2020-04-11,11510,494
US,10,2020-04-11,1479,33
US,11,2020-04-11,1778,47
US,12,2020-04-11,18978,445
US,13,2020-04-11,12261,432
US,66,2020-04-11,681,5
US,15,2020-04-11,484,8
US,16,2020-04-11,1407,27
US,17,2020-04-11,19180,682
US,18,2020-04-11,7435,330
US,19,2020-04-11,1510,34
US,20,2020-04-11,1282,55
US,21,2020-04-11,1851,94
US,22,2020-04-11,20014,806
US,23,2020-04-11,616,19
US,24,2020-04-11,7694,207
US,25,2020-04-11,22860,686
US,26,2020-04-11,23853,1391
US,27,2020-04-11,1427,64
US,28,2020-04-11,2642,93
US,29,2020-04-11,4024,116
US,30,2020-04-11,377,6
US,31,2020-04-11,718,18
US,32,2020-04-11,2720,111
US,33,2020-04-11,929,23
US,34,2020-04-11,58151,2183
US,35,2020-04-11,1174,20
US,36,2020-04-11,182990,11159
US,37,2020-04-11,4310,86
US,38,2020-04-11,293,7
US,69,2020-04-11,11,2
US,39,2020-04-11,6251,247
US,40,2020-04-11,1868,93
US,41,2020-04-11,1447,51
US,42,2020-04-11,21774,515
US,72,2020-04-11,788,42
US,44,2020-04-11,2349,56
US,45,2020-04-11,3207,80
US,46,2020-04-11,626,6
US,47,2020-04-11,4983,107
US,48,2020-04-11,13208,265
US,49,2020-04-11,2208,18
US,50,2020-04-11,711,24
US,78,2020-04-11,51,1
US,51,2020-04-11,5076,130
US,53,2020-04-11,10224,498
US,54,2020-04-11,593,6
US,55,2020-04-11,3213,141
US,56,2020-04-11,343,0
US,01,2020-04-12,3583,93
US,02,2020-04-12,270,6
US,04,2020-04-12,3539,117
US,05,2020-04-12,1280,27
US,06,2020-04-12,23323,676
US,08,2020-04-12,7303,290
US,09,2020-04-12,12035,554
US,10,2020-04-12,1625,35
US,11,2020-04-12,1875,50
US,12,2020-04-12,19855,460
US,13,2020-04-12,12103,438
US,66,2020-04-12,716,5
US,15,2020-04-12,497,9
US,16,2020-04-12,1425,27
US,17,2020-04-12,20852,727
US,18,2020-04-12,7928,343
US,19,2020-04-12,1587,41
US,20,2020-04-12,1337,56
US,21,2020-04-12,1963,98
US,22,2020-04-12,20595,840
US,23,2020-04-12,633,19
US,24,2020-04-12,8225,236
US,25,2020-04-12,25475,756
US,26,2020-04-12,24494,1486
US,27,2020-04-12,1621,70
US,28,2020-04-12,2781,96
US,29,2020-04-12,4160,116
US,30,2020-04-12,387,6
US,31,2020-04-12,805,18
US,32,2020-04-12,2860,113
US,33,2020-04-12,985,23
US,34,2020-04-12,61850,2350
US,35,2020-04-12,1245,26
US,36,2020-04-12,191425,12116
US,37,2020-04-12,4520,86
US,38,2020-04-12,308,8
US,69,2020-04-12,11,2
US,39,2020-04-12,6605,253
US,40,2020-04-12,1970,96
US,41,2020-04-12,1527,52
US,42,2020-04-12,22955,525
US,72,2020-04-12,897,44
US,44,2020-04-12,2665,63
US,45,2020-04-12,3319,82
US,46,2020-04-12,729,6
US,47,2020-04-12,5144,107
US,48,2020-04-12,13776,288
US,49,2020-04-12,2305,18
US,50,2020-04-12,727,26
US,78,2020-04-12,51,1
US,51,2020-04-12,5273,141
US,53,2020-04-12,10411,511
US,54,2020-04-12,615,8
US,55,2020-04-12,3341,145
US,56,2020-04-12,364,0
US,01,2020-04-13,3805,104
US,02,2020-04-13,275,6
US,04,2020-04-13,3702,122
US,05,2020-04-13,1475,30
US,06,2020-04-13,24334,725
US,08,2020-04-13,7691,308
US,09,2020-04-13,13381,602
US,10,2020-04-13,1761,41
US,11,2020-04-13,1955,52
US,12,2020-04-13,21011,498
US,13,2020-04-13,13125,479
US,66,2020-04-13,719,6
US,15,2020-04-13,502,9
US,16,2020-04-13,1453,33
US,17,2020-04-13,22025,800
US,18,2020-04-13,8236,350
US,19,2020-04-13,1710,44
US,20,2020-04-13,1382,63
US,21,2020-04-13,2048,106
US,22,2020-04-13,21016,884
US,23,2020-04-13,698,19
US,24,2020-04-13,8936,262
US,25,2020-04-13,26867,844
US,26,2020-04-13,25487,1601
US,27,2020-04-13,1650,70
US,28,2020-04-13,2942,98
US,29,2020-04-13,4388,136
US,30,2020-04-13,394,7
US,31,2020-04-13,870,19
US,32,2020-04-13,3036,114
US,33,2020-04-13,1020,23
US,34,2020-04-13,64584,2443
US,35,2020-04-13,1345,31
US,36,2020-04-13,197973,12998
US,37,2020-04-13,4788,91
US,38,2020-04-13,331,9
US,69,2020-04-13,11,2
US,39,2020-04-13,6975,274
US,40,2020-04-13,2069,98
US,41,2020-04-13,1584,53
US,42,2020-04-13,24295,563
US,72,2020-04-13,903,45
US,44,2020-04-13,2976,73
US,45,2020-04-13,3439,87
US,46,2020-04-13,867,6
US,47,2020-04-13,5483,114
US,48,2020-04-13,14487,320
US,49,2020-04-13,2368,18
US,50,2020-04-13,748,27
US,78,2020-04-13,51,1
US,51,2020-04-13,5746,149
US,53,2020-04-13,10538,525
US,54,2020-04-13,638,9
US,55,2020-04-13,3428,155
US,56,2020-04-13,373,1
US,01,2020-04-14,3953,114
US,02,2020-04-14,283,7
US,04,2020-04-14,3806,131
US,05,2020-04-14,1498,32
US,06,2020-04-14,25758,778
US,08,2020-04-14,7941,329
US,09,2020-04-14,13989,671
US,10,2020-04-14,1926,43
US,11,2020-04-14,2058,67
US,12,2020-04-14,21620,570
US,13,2020-04-14,13913,517
US,66,2020-04-14,721,6
US,15,2020-04-14,511,9
US,16,2020-04-14,1464,39
US,17,2020-04-14,23247,878
US,18,2020-04-14,8527,387
US,19,2020-04-14,1899,44
US,20,2020-04-14,1438,69
US,21,2020-04-14,2210,115
US,22,2020-04-14,21518,1013
US,23,2020-04-14,734,20
US,24,2020-04-14,9472,302
US,25,2020-04-14,28163,957
US,26,2020-04-14,26844,1766
US,27,2020-04-14,1695,79
US,28,2020-04-14,3087,111
US,29,2020-04-14,4686,151
US,30,2020-04-14,399,7
US,31,2020-04-14,930,21
US,32,2020-04-14,3137,130
US,33,2020-04-14,1091,27
US,34,2020-04-14,68824,2805
US,35,2020-04-14,1407,36
US,36,2020-04-14,205375,14001
US,37,2020-04-14,4992,116
US,38,2020-04-14,341,9
US,69,2020-04-14,13,2
US,39,2020-04-14,7280,324
US,40,2020-04-14,2184,109
US,41,2020-04-14,1633,55
US,42,2020-04-14,25591,746
US,72,2020-04-14,923,45
US,44,2020-04-14,3251,80
US,45,2020-04-14,3553,97
US,46,2020-04-14,987,6
US,47,2020-04-14,5654,123
US,48,2020-04-14,15303,365
US,49,2020-04-14,2420,19
US,50,2020-04-14,752,28
US,78,2020-04-14,51,1
US,51,2020-04-14,6170,154
US,53,2020-04-14,10694,552
US,54,2020-04-14,697,10
US,55,2020-04-14,3555,172
US,56,2020-04-14,373,1
US,01,2020-04-15,4241,123
US,02,2020-04-15,291,7
US,04,2020-04-15,3962,142
US,05,2020-04-15,1599,34
US,06,2020-04-15,27107,885
US,08,2020-04-15,8280,355
US,09,2020-04-15,14755,868
US,10,2020-04-15,2014,46
US,11,2020-04-15,2197,72
US,12,2020-04-15,22526,613
US,13,2020-04-15,14583,569
US,66,2020-04-15,750,6
US,15,2020-04-15,524,9
US,16,2020-04-15,1507,41
US,17,2020-04-15,24593,958
US,18,2020-04-15,8955,436
US,19,2020-04-15,1995,53
US,20,2020-04-15,1501,76
US,21,2020-04-15,2295,124
US,22,2020-04-15,21951,1103
US,23,2020-04-15,770,24
US,24,2020-04-15,10096,413
US,25,2020-04-15,29918,1108
US,26,2020-04-15,27893,1919
US,27,2020-04-15,1809,87
US,28,2020-04-15,3360,122
US,29,2020-04-15,4895,164
US,30,2020-04-15,404,7
US,31,2020-04-15,994,22
US,32,2020-04-15,3212,137
US,33,2020-04-15,1139,32
US,34,2020-04-15,71030,3156
US,35,2020-04-15,1484,36
US,36,2020-04-15,217130,14937
US,37,2020-04-15,5123,128
US,38,2020-04-15,365,9
US,69,2020-04-15,13,2
US,39,2020-04-15,7791,361
US,40,2020-04-15,2263,123
US,41,2020-04-15,1663,58
US,42,2020-04-15,26804,833
US,72,2020-04-15,974,51
US,44,2020-04-15,3529,87
US,45,2020-04-15,3656,107
US,46,2020-04-15,1167,6
US,47,2020-04-15,5864,135
US,48,2020-04-15,16106,395
US,49,2020-04-15,2549,20
US,50,2020-04-15,759,29
US,78,2020-04-15,51,1
US,51,2020-04-15,6499,195
US,53,2020-04-15,10783,572
US,54,2020-04-15,725,12
US,55,2020-04-15,3721,184
US,56,2020-04-15,392,2
US,01,2020-04-16,4404,137
US,02,2020-04-16,298,7
US,04,2020-04-16,4234,152
US,05,2020-04-16,1620,37
US,06,2020-04-16,28142,971
US,08,2020-04-16,8675,374
US,09,2020-04-16,15884,971
US,10,2020-04-16,2075,52
US,11,2020-04-16,2350,81
US,12,2020-04-16,23332,667
US,13,2020-04-16,15644,611
US,66,2020-04-16,790,6
US,15,2020-04-16,535,9
US,16,2020-04-16,1528,41
US,17,2020-04-16,25734,1081
US,18,2020-04-16,9542,477
US,19,2020-04-16,2141,60
US,20,2020-04-16,1593,80
US,21,2020-04-16,2429,131
US,22,2020-04-16,22532,1156
US,23,2020-04-16,796,27
US,24,2020-04-16,10851,459
US,25,2020-04-16,32181,1245
US,26,2020-04-16,29119,2091
US,27,2020-04-16,1912,94
US,28,2020-04-16,3624,129
US,29,2020-04-16,5111,170
US,30,2020-04-16,415,7
US,31,2020-04-16,1094,24
US,32,2020-04-16,3321,142
US,33,2020-04-16,1211,34
US,34,2020-04-16,75317,3518
US,35,2020-04-16,1597,44
US,36,2020-04-16,225761,15669
US,37,2020-04-16,5463,140
US,38,2020-04-16,393,9
US,69,2020-04-16,13,2
US,39,2020-04-16,8414,389
US,40,2020-04-16,2357,131
US,41,2020-04-16,1736,64
US,42,2020-04-16,28314,864
US,72,2020-04-16,1043,56
US,44,2020-04-16,3838,105
US,45,2020-04-16,3931,109
US,46,2020-04-16,1310,7
US,47,2020-04-16,6077,142
US,48,2020-04-16,16928,428
US,49,2020-04-16,2687,21
US,50,2020-04-16,768,34
US,78,2020-04-16,51,1
US,51,2020-04-16,6888,208
US,53,2020-04-16,11152,588
US,54,2020-04-16,739,13
US,55,2020-04-16,3875,197
US,56,2020-04-16,393,2
US,01,2020-04-17,4572,151
US,02,2020-04-17,307,7
US,04,2020-04-17,4507,174
US,05,2020-04-17,1695,37
US,06,2020-04-17,29398,1050
US,08,2020-04-17,9047,389
US,09,2020-04-17,16809,1036
US,10,2020-04-17,2323,61
US,11,2020-04-17,2476,86
US,12,2020-04-17,24745,725
US,13,2020-04-17,16658,661
US,66,2020-04-17,796,6
US,15,2020-04-17,547,9
US,16,2020-04-17,1566,43
US,17,2020-04-17,27575,1142
US,18,2020-04-17,10154,519
US,19,2020-04-17,2332,64
US,20,2020-04-17,1730,84
US,21,2020-04-17,2522,140
US,22,2020-04-17,23118,1213
US,23,2020-04-17,827,29
US,24,2020-04-17,11641,494
US,25,2020-04-17,34402,1404
US,26,2020-04-17,29952,2226
US,27,2020-04-17,2071,111
US,28,2020-04-17,3793,140
US,29,2020-04-17,5283,184
US,30,2020-04-17,422,8
US,31,2020-04-17,1216,24
US,32,2020-04-17,3524,151
US,33,2020-04-17,1287,37
US,34,2020-04-17,78467,3840
US,35,2020-04-17,1711,51
US,36,2020-04-17,233293,16473
US,37,2020-04-17,5859,159
US,38,2020-04-17,439,9
US,69,2020-04-17,14,2
US,39,2020-04-17,9107,418
US,40,2020-04-17,2465,136
US,41,2020-04-17,1785,70
US,42,2020-04-17,30121,1027
US,72,2020-04-17,1068,58
US,44,2020-04-17,4177,118
US,45,2020-04-17,4086,116
US,46,2020-04-17,1410,7
US,47,2020-04-17,6423,146
US,48,2020-04-17,18131,461
US,49,2020-04-17,2813,23
US,50,2020-04-17,779,34
US,78,2020-04-17,51,2
US,51,2020-04-17,7490,238
US,53,2020-04-17,11445,610
US,54,2020-04-17,776,16
US,55,2020-04-17,4045,205
US,56,2020-04-17,401,2
US,01,2020-04-18,4723,147
US,02,2020-04-18,312,7
US,04,2020-04-18,4719,181
US,05,2020-04-18,1777,38
US,06,2020-04-18,30829,1146
US,08,2020-04-18,9433,409
US,09,2020-04-18,17550,1086
US,10,2020-04-18,2538,67
US,11,2020-04-18,2666,91
US,12,2020-04-18,25484,747
US,13,2020-04-18,17014,670
US,66,2020-04-18,805,6
US,15,2020-04-18,568,9
US,16,2020-04-18,1577,44
US,17,2020-04-18,29160,1272
US,18,2020-04-18,10641,545
US,19,2020-04-18,2513,74
US,20,2020-04-18,1819,86
US,21,2020-04-18,2707,145
US,22,2020-04-18,23580,1267
US,23,2020-04-18,847,32
US,24,2020-04-18,12379,534
US,25,2020-04-18,36372,1560
US,26,2020-04-18,30717,2307
US,27,2020-04-18,2213,121
US,28,2020-04-18,3974,152
US,29,2020-04-18,5517,194
US,30,2020-04-18,426,10
US,31,2020-04-18,1348,28
US,32,2020-04-18,3626,155
US,33,2020-04-18,1342,38
US,34,2020-04-18,81420,4070
US,35,2020-04-18,1798,53
US,36,2020-04-18,240542,17141
US,37,2020-04-18,6140,175
US,38,2020-04-18,528,9
US,69,2020-04-18,14,2
US,39,2020-04-18,10222,451
US,40,2020-04-18,2570,139
US,41,2020-04-18,1844,72
US,42,2020-04-18,31742,1150
US,72,2020-04-18,1118,60
US,44,2020-04-18,4491,137
US,45,2020-04-18,4246,119
US,46,2020-04-18,1541,7
US,47,2020-04-18,6624,148
US,48,2020-04-18,18927,487
US,49,2020-04-18,2942,25
US,50,2020-04-18,803,36
US,78,2020-04-18,53,3
US,51,2020-04-18,8052,258
US,53,2020-04-18,11802,629
US,54,2020-04-18,825,18
US,55,2020-04-18,4199,212
US,56,2020-04-18,412,2
US,01,2020-04-19,4903,160
US,02,2020-04-19,317,7
US,04,2020-04-19,4929,188
US,05,2020-04-19,1781,39
US,06,2020-04-19,31544,1176
US,08,2020-04-19,9730,421
US,09,2020-04-19,17962,1127
US,10,2020-04-19,2538,67
US,11,2020-04-19,2793,96
US,12,2020-04-19,26306,773
US,13,2020-04-19,17619,682
US,66,2020-04-19,808,6
US,15,2020-04-19,574,10
US,16,2020-04-19,1581,45
US,17,2020-04-19,30357,1302
US,18,2020-04-19,11210,562
US,19,2020-04-19,2915,75
US,20,2020-04-19,1897,94
US,21,2020-04-19,2960,149
US,22,2020-04-19,23928,1296
US,23,2020-04-19,867,34
US,24,2020-04-19,12892,548
US,25,2020-04-19,38077,1706
US,26,2020-04-19,31348,2389
US,27,2020-04-19,2356,134
US,28,2020-04-19,4274,159
US,29,2020-04-19,5667,196
US,30,2020-04-19,433,10
US,31,2020-04-19,1473,28
US,32,2020-04-19,3741,158
US,33,2020-04-19,1392,41
US,34,2020-04-19,85301,4202
US,35,2020-04-19,1845,55
US,36,2020-04-19,246741,17793
US,37,2020-04-19,6493,183
US,38,2020-04-19,585,10
US,69,2020-04-19,14,2
US,39,2020-04-19,11602,471
US,40,2020-04-19,2599,140
US,41,2020-04-19,1910,74
US,42,2020-04-19,32992,1285
US,72,2020-04-19,1213,41
US,44,2020-04-19,4706,150
US,45,2020-04-19,4377,120
US,46,2020-04-19,1635,7
US,47,2020-04-19,6824,151
US,48,2020-04-19,19441,503
US,49,2020-04-19,3071,27
US,50,2020-04-19,812,36
US,78,2020-04-19,53,3
US,51,2020-04-19,8536,277
US,53,2020-04-19,11805,637
US,54,2020-04-19,890,20
US,55,2020-04-19,4346,222
US,56,2020-04-19,422,2
US,01,2020-04-20,5078,164
US,02,2020-04-20,319,7
US,04,2020-04-20,5064,191
US,05,2020-04-20,1971,42
US,06,2020-04-20,33862,1223
US,08,2020-04-20,10106,448
US,09,2020-04-20,19815,1331
US,10,2020-04-20,2745,72
US,11,2020-04-20,2927,105
US,12,2020-04-20,27050,822
US,13,2020-04-20,18447,767
US,66,2020-04-20,811,6
US,15,2020-04-20,578,10
US,16,2020-04-20,1638,48
US,17,2020-04-20,31508,1359
US,18,2020-04-20,11686,569
US,19,2020-04-20,3175,79
US,20,2020-04-20,2030,101
US,21,2020-04-20,3050,155
US,22,2020-04-20,24523,1328
US,23,2020-04-20,875,35
US,24,2020-04-20,13750,582
US,25,2020-04-20,39643,1809
US,26,2020-04-20,31927,2466
US,27,2020-04-20,2470,143
US,28,2020-04-20,4512,169
US,29,2020-04-20,5807,201
US,30,2020-04-20,433,12
US,31,2020-04-20,1646,33
US,32,2020-04-20,3830,163
US,33,2020-04-20,1447,42
US,34,2020-04-20,88806,4377
US,35,2020-04-20,1971,58
US,36,2020-04-20,251608,18412
US,37,2020-04-20,6764,187
US,38,2020-04-20,627,13
US,69,2020-04-20,14,2
US,39,2020-04-20,12919,509
US,40,2020-04-20,2680,143
US,41,2020-04-20,1956,75
US,42,2020-04-20,34005,1366
US,72,2020-04-20,1252,42
US,44,2020-04-20,5090,155
US,45,2020-04-20,4439,124
US,46,2020-04-20,1685,7
US,47,2020-04-20,6994,156
US,48,2020-04-20,20035,523
US,49,2020-04-20,3213,28
US,50,2020-04-20,816,37
US,78,2020-04-20,54,3
US,51,2020-04-20,8989,300
US,53,2020-04-20,12191,661
US,54,2020-04-20,908,26
US,55,2020-04-20,4499,231
US,56,2020-04-20,426,2
US,01,2020-04-21,5327,186
US,02,2020-04-21,327,7
US,04,2020-04-21,5251,213
US,05,2020-04-21,2262,43
US,06,2020-04-21,35844,1316
US,08,2020-04-21,10447,484
US,09,2020-04-21,20360,1423
US,10,2020-04-21,2931,82
US,11,2020-04-21,3098,112
US,12,2020-04-21,27861,866
US,13,2020-04-21,19189,810
US,66,2020-04-21,852,6
US,15,2020-04-21,580,12
US,16,2020-04-21,1659,51
US,17,2020-04-21,33059,1479
US,18,2020-04-21,12097,630
US,19,2020-04-21,3641,83
US,20,2020-04-21,2114,107
US,21,2020-04-21,3193,172
US,22,2020-04-21,24854,1405
US,23,2020-04-21,888,36
US,24,2020-04-21,14261,652
US,25,2020-04-21,41199,1961
US,26,2020-04-21,32935,2698
US,27,2020-04-21,2567,160
US,28,2020-04-21,4716,183
US,29,2020-04-21,5941,221
US,30,2020-04-21,437,12
US,31,2020-04-21,1726,38
US,32,2020-04-21,3937,163
US,33,2020-04-21,1491,42
US,34,2020-04-21,92387,4753
US,35,2020-04-21,2072,65
US,36,2020-04-21,255932,19040
US,37,2020-04-21,6951,217
US,38,2020-04-21,644,13
US,69,2020-04-21,14,2
US,39,2020-04-21,13725,557
US,40,2020-04-21,2807,164
US,41,2020-04-21,2002,78
US,42,2020-04-21,35384,1620
US,72,2020-04-21,915,43
US,44,2020-04-21,5500,171
US,45,2020-04-21,4608,135
US,46,2020-04-21,1755,8
US,47,2020-04-21,7317,159
US,48,2020-04-21,20949,552
US,49,2020-04-21,3301,32
US,50,2020-04-21,818,39
US,78,2020-04-21,54,3
US,51,2020-04-21,9629,325
US,53,2020-04-21,12345,683
US,54,2020-04-21,929,26
US,55,2020-04-21,4620,243
US,56,2020-04-21,441,6
US,01,2020-04-22,5610,201
US,02,2020-04-22,333,7
US,04,2020-04-22,5459,236
US,05,2020-04-22,2392,44
US,06,2020-04-22,37573,1425
US,08,2020-04-22,10878,526
US,09,2020-04-22,22469,1544
US,10,2020-04-22,3200,89
US,11,2020-04-22,3206,127
US,12,2020-04-22,28301,926
US,13,2020-04-22,20099,837
US,66,2020-04-22,911,6
US,15,2020-04-22,586,12
US,16,2020-04-22,1688,54
US,17,2020-04-22,35108,1577
US,18,2020-04-22,12438,661
US,19,2020-04-22,3764,90
US,20,2020-04-22,2291,111
US,21,2020-04-22,3373,185
US,22,2020-04-22,25258,1473
US,23,2020-04-22,907,39
US,24,2020-04-22,14842,698
US,25,2020-04-22,42944,2182
US,26,2020-04-22,33929,2812
US,27,2020-04-22,2721,179
US,28,2020-04-22,4894,193
US,29,2020-04-22,6137,236
US,30,2020-04-22,439,14
US,31,2020-04-22,1826,43
US,32,2020-04-22,4081,187
US,33,2020-04-22,1588,48
US,34,2020-04-22,95865,5063
US,35,2020-04-22,2210,71
US,36,2020-04-22,261591,19647
US,37,2020-04-22,7220,242
US,38,2020-04-22,679,14
US,69,2020-04-22,14,2
US,39,2020-04-22,14117,610
US,40,2020-04-22,2894,169
US,41,2020-04-22,2059,78
US,42,2020-04-22,36763,1720
US,72,2020-04-22,915,46
US,44,2020-04-22,5841,181
US,45,2020-04-22,4761,140
US,46,2020-04-22,1858,9
US,47,2020-04-22,7681,169
US,48,2020-04-22,21769,571
US,49,2020-04-22,3451,34
US,50,2020-04-22,823,39
US,78,2020-04-22,54,3
US,51,2020-04-22,10265,349
US,53,2020-04-22,12539,696
US,54,2020-04-22,939,29
US,55,2020-04-22,4845,247
US,56,2020-04-22,447,6
US,01,2020-04-23,5832,197
US,02,2020-04-23,335,7
US,04,2020-04-23,5769,257
US,05,2020-04-23,2599,45
US,06,2020-04-23,39534,1548
US,08,2020-04-23,11262,557
US,09,2020-04-23,23100,1639
US,10,2020-04-23,3308,92
US,11,2020-04-23,3361,139
US,12,2020-04-23,29640,986
US,13,2020-04-23,20905,871
US,66,2020-04-23,979,6
US,15,2020-04-23,590,12
US,16,2020-04-23,1721,54
US,17,2020-04-23,36935,1696
US,18,2020-04-23,13039,706
US,19,2020-04-23,3939,96
US,20,2020-04-23,2625,112
US,21,2020-04-23,3548,194
US,22,2020-04-23,25739,1540
US,23,2020-04-23,937,44
US,24,2020-04-23,15805,748
US,25,2020-04-23,46023,2360
US,26,2020-04-23,35252,2977
US,27,2020-04-23,2942,200
US,28,2020-04-23,5153,201
US,29,2020-04-23,6321,248
US,30,2020-04-23,442,14
US,31,2020-04-23,2190,47
US,32,2020-04-23,4208,195
US,33,2020-04-23,1670,51
US,34,2020-04-23,99989,5368
US,35,2020-04-23,2379,78
US,36,2020-04-23,267932,20212
US,37,2020-04-23,7608,253
US,38,2020-04-23,709,15
US,69,2020-04-23,14,2
US,39,2020-04-23,14694,656
US,40,2020-04-23,3017,179
US,41,2020-04-23,2127,83
US,42,2020-04-23,38334,1723
US,72,2020-04-23,1230,69
US,44,2020-04-23,6256,189
US,45,2020-04-23,4917,150
US,46,2020-04-23,1956,9
US,47,2020-04-23,8169,172
US,48,2020-04-23,22706,601
US,49,2020-04-23,3621,35
US,50,2020-04-23,825,42
US,78,2020-04-23,54,3
US,51,2020-04-23,10999,375
US,53,2020-04-23,12906,717
US,54,2020-04-23,981,31
US,55,2020-04-23,5052,257
US,56,2020-04-23,453,7
US,01,2020-04-24,6026,209
US,02,2020-04-24,337,7
US,04,2020-04-24,6045,268
US,05,2020-04-24,2810,47
US,06,2020-04-24,41368,1619
US,08,2020-04-24,12255,672
US,09,2020-04-24,23921,1764
US,10,2020-04-24,3442,100
US,11,2020-04-24,3528,153
US,12,2020-04-24,30525,1045
US,13,2020-04-24,21575,889
US,66,2020-04-24,997,6
US,15,2020-04-24,595,13
US,16,2020-04-24,1870,54
US,17,2020-04-24,39658,1804
US,18,2020-04-24,13680,741
US,19,2020-04-24,4459,107
US,20,2020-04-24,2841,117
US,21,2020-04-24,3779,203
US,22,2020-04-24,26140,1601
US,23,2020-04-24,965,47
US,24,2020-04-24,16693,798
US,25,2020-04-24,50969,2556
US,26,2020-04-24,36627,3084
US,27,2020-04-24,3185,221
US,28,2020-04-24,5434,209
US,29,2020-04-24,6625,267
US,30,2020-04-24,444,14
US,31,2020-04-24,2474,51
US,32,2020-04-24,4398,203
US,33,2020-04-24,1720,53
US,34,2020-04-24,102196,5617
US,35,2020-04-24,2524,84
US,36,2020-04-24,276218,20759
US,37,2020-04-24,8052,270
US,38,2020-04-24,748,15
US,69,2020-04-24,14,2
US,39,2020-04-24,15169,690
US,40,2020-04-24,3120,188
US,41,2020-04-24,2177,86
US,42,2020-04-24,40298,1786
US,72,2020-04-24,1276,77
US,44,2020-04-24,6699,202
US,45,2020-04-24,5070,157
US,46,2020-04-24,2040,10
US,47,2020-04-24,8618,172
US,48,2020-04-24,23650,625
US,49,2020-04-24,3782,39
US,50,2020-04-24,827,43
US,78,2020-04-24,54,3
US,51,2020-04-24,11595,413
US,53,2020-04-24,13120,731
US,54,2020-04-24,1010,32
US,55,2020-04-24,5356,262
US,56,2020-04-24,473,7
US,01,2020-04-25,6213,213
US,02,2020-04-25,337,7
US,04,2020-04-25,6280,275
US,05,2020-04-25,2909,48
US,06,2020-04-25,42590,1692
US,08,2020-04-25,12967,670
US,09,2020-04-25,24582,1862
US,10,2020-04-25,3576,112
US,11,2020-04-25,3699,165
US,12,2020-04-25,30831,1054
US,13,2020-04-25,22225,897
US,66,2020-04-25,997,6
US,15,2020-04-25,597,14
US,16,2020-04-25,1887,56
US,17,2020-04-25,41777,1884
US,18,2020-04-25,14395,785
US,19,2020-04-25,5109,112
US,20,2020-04-25,3090,119
US,21,2020-04-25,3905,208
US,22,2020-04-25,26512,1644
US,23,2020-04-25,990,50
US,24,2020-04-25,17844,875
US,25,2020-04-25,53348,2730
US,26,2020-04-25,37184,3273
US,27,2020-04-25,3446,244
US,28,2020-04-25,5718,221
US,29,2020-04-25,6826,280
US,30,2020-04-25,445,14
US,31,2020-04-25,2898,53
US,32,2020-04-25,4539,206
US,33,2020-04-25,1793,60
US,34,2020-04-25,105523,5863
US,35,2020-04-25,2662,93
US,36,2020-04-25,286901,21326
US,37,2020-04-25,8542,300
US,38,2020-04-25,803,16
US,69,2020-04-25,14,2
US,39,2020-04-25,15587,711
US,40,2020-04-25,3193,194
US,41,2020-04-25,2253,87
US,42,2020-04-25,41626,1842
US,72,2020-04-25,1307,83
US,44,2020-04-25,7129,215
US,45,2020-04-25,5253,166
US,46,2020-04-25,2147,10
US,47,2020-04-25,8918,179
US,48,2020-04-25,24494,662
US,49,2020-04-25,3950,41
US,50,2020-04-25,843,45
US,78,2020-04-25,55,3
US,51,2020-04-25,12365,436
US,53,2020-04-25,13484,743
US,54,2020-04-25,1025,33
US,55,2020-04-25,5687,266
US,56,2020-04-25,473,7
US,01,2020-04-26,6421,219
US,02,2020-04-26,339,7
US,04,2020-04-26,6526,277
US,05,2020-04-26,3001,50
US,06,2020-04-26,43691,1716
US,08,2020-04-26,13440,678
US,09,2020-04-26,25269,1925
US,10,2020-04-26,4034,120
US,11,2020-04-26,3841,178
US,12,2020-04-26,31520,1073
US,13,2020-04-26,22459,907
US,66,2020-04-26,997,6
US,15,2020-04-26,599,14
US,16,2020-04-26,1897,56
US,17,2020-04-26,43903,1943
US,18,2020-04-26,15012,813
US,19,2020-04-26,5490,118
US,20,2020-04-26,3197,120
US,21,2020-04-26,4074,211
US,22,2020-04-26,26773,1670
US,23,2020-04-26,1015,50
US,24,2020-04-26,18664,910
US,25,2020-04-26,54938,2899
US,26,2020-04-26,37751,3314
US,27,2020-04-26,3602,272
US,28,2020-04-26,5911,227
US,29,2020-04-26,6997,282
US,30,2020-04-26,448,14
US,31,2020-04-26,3126,55
US,32,2020-04-26,4638,206
US,33,2020-04-26,1864,60
US,34,2020-04-26,109038,5938
US,35,2020-04-26,2728,99
US,36,2020-04-26,292914,21804
US,37,2020-04-26,8830,309
US,38,2020-04-26,867,17
US,69,2020-04-26,14,2
US,39,2020-04-26,15963,728
US,40,2020-04-26,3253,195
US,41,2020-04-26,2311,91
US,42,2020-04-26,42709,1871
US,72,2020-04-26,1371,84
US,44,2020-04-26,7439,226
US,45,2020-04-26,5490,174
US,46,2020-04-26,2213,11
US,47,2020-04-26,9435,182
US,48,2020-04-26,25209,676
US,49,2020-04-26,4123,41
US,50,2020-04-26,851,45
US,78,2020-04-26,57,4
US,51,2020-04-26,12969,448
US,53,2020-04-26,13663,757
US,54,2020-04-26,1053,34
US,55,2020-04-26,5911,274
US,56,2020-04-26,502,7
US,01,2020-04-27,6539,228
US,02,2020-04-27,343,7
US,04,2020-04-27,6716,277
US,05,2020-04-27,3069,51
US,06,2020-04-27,45208,1800
US,08,2020-04-27,13804,705
US,09,2020-04-27,25997,2012
US,10,2020-04-27,4162,125
US,11,2020-04-27,3892,185
US,12,2020-04-27,32130,1087
US,13,2020-04-27,23229,981
US,66,2020-04-27,1113,6
US,15,2020-04-27,600,16
US,16,2020-04-27,1917,58
US,17,2020-04-27,45883,1992
US,18,2020-04-27,16137,932
US,19,2020-04-27,5868,127
US,20,2020-04-27,3406,126
US,21,2020-04-27,4146,216
US,22,2020-04-27,27068,1697
US,23,2020-04-27,1023,51
US,24,2020-04-27,19574,945
US,25,2020-04-27,56462,3003
US,26,2020-04-27,38190,3406
US,27,2020-04-27,3816,286
US,28,2020-04-27,6094,229
US,29,2020-04-27,7171,296
US,30,2020-04-27,449,14
US,31,2020-04-27,3487,55
US,32,2020-04-27,4708,219
US,33,2020-04-27,1938,60
US,34,2020-04-27,111188,6044
US,35,2020-04-27,2825,104
US,36,2020-04-27,296991,22267
US,37,2020-04-27,9035,331
US,38,2020-04-27,942,19
US,69,2020-04-27,14,2
US,39,2020-04-27,16325,753
US,40,2020-04-27,3280,197
US,41,2020-04-27,2354,92
US,42,2020-04-27,43728,1946
US,72,2020-04-27,1388,84
US,44,2020-04-27,7708,233
US,45,2020-04-27,5613,177
US,46,2020-04-27,2246,11
US,47,2020-04-27,9739,184
US,48,2020-04-27,25963,699
US,49,2020-04-27,4236,41
US,50,2020-04-27,855,46
US,78,2020-04-27,59,4
US,51,2020-04-27,13534,458
US,53,2020-04-27,13864,771
US,54,2020-04-27,1077,37
US,55,2020-04-27,6081,281
US,56,2020-04-27,520,7
US,01,2020-04-28,6750,242
US,02,2020-04-28,349,7
US,04,2020-04-28,6948,297
US,05,2020-04-28,3127,57
US,06,2020-04-28,46570,1884
US,08,2020-04-28,14239,734
US,09,2020-04-28,26312,2089
US,10,2020-04-28,4575,137
US,11,2020-04-28,3994,190
US,12,2020-04-28,32838,1170
US,13,2020-04-28,23607,1022
US,66,2020-04-28,1114,6
US,15,2020-04-28,602,16
US,16,2020-04-28,1952,60
US,17,2020-04-28,48102,2132
US,18,2020-04-28,16783,992
US,19,2020-04-28,6376,136
US,20,2020-04-28,3601,127
US,21,2020-04-28,4375,231
US,22,2020-04-28,27286,1758
US,23,2020-04-28,1040,51
US,24,2020-04-28,20200,1016
US,25,2020-04-28,58302,3153
US,26,2020-04-28,39234,3566
US,27,2020-04-28,4181,301
US,28,2020-04-28,6342,239
US,29,2020-04-28,7306,324
US,30,2020-04-28,451,15
US,31,2020-04-28,3613,57
US,32,2020-04-28,4812,225
US,33,2020-04-28,2010,60
US,34,2020-04-28,113856,6442
US,35,2020-04-28,2975,110
US,36,2020-04-28,300276,22777
US,37,2020-04-28,9568,353
US,38,2020-04-28,991,19
US,69,2020-04-28,14,2
US,39,2020-04-28,16769,799
US,40,2020-04-28,3410,207
US,41,2020-04-28,2385,99
US,42,2020-04-28,45323,2092
US,72,2020-04-28,1400,86
US,44,2020-04-28,7926,239
US,45,2020-04-28,5735,192
US,46,2020-04-28,2314,11
US,47,2020-04-28,9974,190
US,48,2020-04-28,26868,738
US,49,2020-04-28,4343,45
US,50,2020-04-28,862,46
US,78,2020-04-28,59,4
US,51,2020-04-28,14338,492
US,53,2020-04-28,14059,792
US,54,2020-04-28,1095,38
US,55,2020-04-28,6289,300
US,56,2020-04-28,536,7
US,01,2020-04-29,6925,262
US,02,2020-04-29,353,7
US,04,2020-04-29,7202,308
US,05,2020-04-29,3207,59
US,06,2020-04-29,48904,1961
US,08,2020-04-29,14680,764
US,09,2020-04-29,26767,2168
US,10,2020-04-29,4655,144
US,11,2020-04-29,4106,205
US,12,2020-04-29,33185,1216
US,13,2020-04-29,24300,1086
US,66,2020-04-29,1114,6
US,15,2020-04-29,605,16
US,16,2020-04-29,1984,60
US,17,2020-04-29,50355,2221
US,18,2020-04-29,17409,1065
US,19,2020-04-29,6843,148
US,20,2020-04-29,3811,132
US,21,2020-04-29,4538,235
US,22,2020-04-29,27660,1802
US,23,2020-04-29,1056,52
US,24,2020-04-29,20942,1078
US,25,2020-04-29,60265,3405
US,26,2020-04-29,40360,3670
US,27,2020-04-29,4644,319
US,28,2020-04-29,6569,250
US,29,2020-04-29,7426,331
US,30,2020-04-29,451,16
US,31,2020-04-29,3876,68
US,32,2020-04-29,4934,237
US,33,2020-04-29,2054,66
US,34,2020-04-29,116264,6770
US,35,2020-04-29,3213,112
US,36,2020-04-29,304994,23287
US,37,2020-04-29,9947,366
US,38,2020-04-29,1033,19
US,69,2020-04-29,14,2
US,39,2020-04-29,17303,937
US,40,2020-04-29,3473,214
US,41,2020-04-29,2446,101
US,42,2020-04-29,46191,2392
US,72,2020-04-29,1465,86
US,44,2020-04-29,8247,251
US,45,2020-04-29,5881,232
US,46,2020-04-29,2375,13
US,47,2020-04-29,10255,196
US,48,2020-04-29,27839,776
US,49,2020-04-29,4499,45
US,50,2020-04-29,862,46
US,78,2020-04-29,66,4
US,51,2020-04-29,14961,522
US,53,2020-04-29,14378,805
US,54,2020-04-29,1109,40
US,55,2020-04-29,6520,308
US,56,2020-04-29,544,7
US,01,2020-04-30,7068,272
US,02,2020-04-30,353,7
US,04,2020-04-30,7648,320
US,05,2020-04-30,3281,61
US,06,2020-04-30,50470,2057
US,08,2020-04-30,15207,775
US,09,2020-04-30,27700,2257
US,10,2020-04-30,4734,152
US,11,2020-04-30,4323,224
US,12,2020-04-30,33683,1267
US,13,2020-04-30,25431,1121
US,66,2020-04-30,1115,6
US,15,2020-04-30,609,16
US,16,2020-04-30,2016,63
US,17,2020-04-30,52918,2361
US,18,2020-04-30,18099,1114
US,19,2020-04-30,7145,162
US,20,2020-04-30,4305,133
US,21,2020-04-30,4708,240
US,22,2020-04-30,28001,1862
US,23,2020-04-30,1095,53
US,24,2020-04-30,21825,1139
US,25,2020-04-30,62205,3562
US,26,2020-04-30,41347,3788
US,27,2020-04-30,5136,343
US,28,2020-04-30,6815,261
US,29,2020-04-30,7563,341
US,30,2020-04-30,452,16
US,31,2020-04-30,4332,71
US,32,2020-04-30,5053,243
US,33,2020-04-30,2146,72
US,34,2020-04-30,118652,7228
US,35,2020-04-30,3411,123
US,36,2020-04-30,309696,23616
US,37,2020-04-30,10507,385
US,38,2020-04-30,1067,19
US,69,2020-04-30,14,2
US,39,2020-04-30,18027,975
US,40,2020-04-30,3618,222
US,41,2020-04-30,2510,103
US,42,2020-04-30,48224,2580
US,72,2020-04-30,1537,92
US,44,2020-04-30,8621,266
US,45,2020-04-30,6095,244
US,46,2020-04-30,2450,17
US,47,2020-04-30,10506,200
US,48,2020-04-30,29072,828
US,49,2020-04-30,4672,46
US,50,2020-04-30,866,48
US,78,2020-04-30,66,4
US,51,2020-04-30,15846,552
US,53,2020-04-30,14696,822
US,54,2020-04-30,1125,44
US,55,2020-04-30,6854,316
US,56,2020-04-30,559,7
US,01,2020-05-01,7294,289
US,02,2020-05-01,362,7
US,04,2020-05-01,7962,330
US,05,2020-05-01,3310,64
US,06,2020-05-01,52318,2147
US,08,2020-05-01,15661,818
US,09,2020-05-01,28764,2339
US,10,2020-05-01,4918,159
US,11,2020-05-01,4658,231
US,12,2020-05-01,34720,1313
US,13,2020-05-01,26436,1153
US,66,2020-05-01,1115,6
US,15,2020-05-01,610,16
US,16,2020-05-01,2035,63
US,17,2020-05-01,56055,2464
US,18,2020-05-01,18941,1175
US,19,2020-05-01,7883,170
US,20,2020-05-01,4510,136
US,21,2020-05-01,4879,248
US,22,2020-05-01,28711,1927
US,23,2020-05-01,1123,55
US,24,2020-05-01,23566,1192
US,25,2020-05-01,64311,3716
US,26,2020-05-01,42348,3866
US,27,2020-05-01,5730,371
US,28,2020-05-01,7212,281
US,29,2020-05-01,7840,355
US,30,2020-05-01,452,16
US,31,2020-05-01,4838,73
US,32,2020-05-01,5249,254
US,33,2020-05-01,2310,81
US,34,2020-05-01,121190,7538
US,35,2020-05-01,3513,131
US,36,2020-05-01,313575,23841
US,37,2020-05-01,10922,405
US,38,2020-05-01,1107,23
US,69,2020-05-01,14,2
US,39,2020-05-01,18743,1002
US,40,2020-05-01,3748,230
US,41,2020-05-01,2579,104
US,42,2020-05-01,49764,2671
US,72,2020-05-01,1573,94
US,44,2020-05-01,8962,279
US,45,2020-05-01,6258,256
US,46,2020-05-01,2525,21
US,47,2020-05-01,11781,205
US,48,2020-05-01,30342,853
US,49,2020-05-01,4829,46
US,50,2020-05-01,879,49
US,78,2020-05-01,66,4
US,51,2020-05-01,16901,581
US,53,2020-05-01,15010,829
US,54,2020-05-01,1151,47
US,55,2020-05-01,7314,327
US,56,2020-05-01,566,7
US,01,2020-05-02,7611,288
US,02,2020-05-02,363,7
US,04,2020-05-02,8364,353
US,05,2020-05-02,3372,72
US,06,2020-05-02,53753,2213
US,08,2020-05-02,16118,830
US,09,2020-05-02,29287,2436
US,10,2020-05-02,5038,168
US,11,2020-05-02,4797,240
US,12,2020-05-02,35455,1363
US,13,2020-05-02,27268,1161
US,66,2020-05-02,1117,6
US,15,2020-05-02,611,16
US,16,2020-05-02,2061,64
US,17,2020-05-02,58505,2576
US,18,2020-05-02,19629,1229
US,19,2020-05-02,8641,175
US,20,2020-05-02,4863,140
US,21,2020-05-02,4881,252
US,22,2020-05-02,29140,1950
US,23,2020-05-02,1152,56
US,24,2020-05-02,24568,1251
US,25,2020-05-02,66263,3846
US,26,2020-05-02,43191,4020
US,27,2020-05-02,6228,395
US,28,2020-05-02,7441,291
US,29,2020-05-02,8154,373
US,30,2020-05-02,454,16
US,31,2020-05-02,5332,76
US,32,2020-05-02,5390,257
US,33,2020-05-02,2429,84
US,34,2020-05-02,123717,7742
US,35,2020-05-02,3732,139
US,36,2020-05-02,318134,24035
US,37,2020-05-02,11514,428
US,38,2020-05-02,1153,24
US,69,2020-05-02,14,2
US,39,2020-05-02,19335,1021
US,40,2020-05-02,3851,238
US,41,2020-05-02,2635,109
US,42,2020-05-02,51071,2794
US,72,2020-05-02,1755,95
US,44,2020-05-02,9289,296
US,45,2020-05-02,6489,267
US,46,2020-05-02,2587,21
US,47,2020-05-02,12376,210
US,48,2020-05-02,31433,875
US,49,2020-05-02,4981,49
US,50,2020-05-02,886,50
US,78,2020-05-02,66,4
US,51,2020-05-02,17731,616
US,53,2020-05-02,15253,833
US,54,2020-05-02,1184,50
US,55,2020-05-02,7660,334
US,56,2020-05-02,579,7
US,01,2020-05-03,7888,290
US,02,2020-05-03,366,7
US,04,2020-05-03,8640,362
US,05,2020-05-03,3431,76
US,06,2020-05-03,55072,2235
US,08,2020-05-03,16527,840
US,09,2020-05-03,29287,2436
US,10,2020-05-03,5208,177
US,11,2020-05-03,5016,251
US,12,2020-05-03,36070,1378
US,13,2020-05-03,27618,1168
US,66,2020-05-03,1118,6
US,15,2020-05-03,611,17
US,16,2020-05-03,2059,64
US,17,2020-05-03,61499,2632
US,18,2020-05-03,20267,1246
US,19,2020-05-03,9169,184
US,20,2020-05-03,5177,142
US,21,2020-05-03,5223,256
US,22,2020-05-03,29340,1969
US,23,2020-05-03,1185,57
US,24,2020-05-03,25561,1281
US,25,2020-05-03,68087,4004
US,26,2020-05-03,43736,4049
US,27,2020-05-03,6663,419
US,28,2020-05-03,7550,303
US,29,2020-05-03,8454,378
US,30,2020-05-03,454,16
US,31,2020-05-03,5686,78
US,32,2020-05-03,5497,262
US,33,2020-05-03,2518,86
US,34,2020-05-03,126744,7871
US,35,2020-05-03,3850,151
US,36,2020-05-03,321833,24576
US,37,2020-05-03,11668,436
US,38,2020-05-03,1191,25
US,69,2020-05-03,14,2
US,39,2020-05-03,19914,1038
US,40,2020-05-03,3972,238
US,41,2020-05-03,2680,109
US,42,2020-05-03,52079,2843
US,72,2020-05-03,1806,97
US,44,2020-05-03,9477,320
US,45,2020-05-03,6626,275
US,46,2020-05-03,2630,21
US,47,2020-05-03,12871,211
US,48,2020-05-03,32299,890
US,49,2020-05-03,5175,50
US,50,2020-05-03,897,52
US,78,2020-05-03,66,4
US,51,2020-05-03,18671,660
US,53,2020-05-03,15809,840
US,54,2020-05-03,1195,50
US,55,2020-05-03,7964,339
US,56,2020-05-03,586,7
US,01,2020-05-04,8112,298
US,02,2020-05-04,368,7
US,04,2020-05-04,8919,362
US,05,2020-05-04,3469,80
US,06,2020-05-04,56333,2297
US,08,2020-05-04,16799,849
US,09,2020-05-04,29973,2556
US,10,2020-05-04,5288,182
US,11,2020-05-04,5170,258
US,12,2020-05-04,36889,1398
US,13,2020-05-04,28350,1228
US,66,2020-05-04,1118,6
US,15,2020-05-04,612,17
US,16,2020-05-04,2106,64
US,17,2020-05-04,63840,2673
US,18,2020-05-04,20855,1264
US,19,2020-05-04,9703,188
US,20,2020-05-04,5385,154
US,21,2020-05-04,5370,267
US,22,2020-05-04,29673,1991
US,23,2020-05-04,1205,57
US,24,2020-05-04,26509,1317
US,25,2020-05-04,69087,4090
US,26,2020-05-04,43928,4135
US,27,2020-05-04,7234,428
US,28,2020-05-04,7877,310
US,29,2020-05-04,8776,387
US,30,2020-05-04,456,16
US,31,2020-05-04,6123,79
US,32,2020-05-04,5654,266
US,33,2020-05-04,2588,86
US,34,2020-05-04,128269,7910
US,35,2020-05-04,4030,156
US,36,2020-05-04,324357,24788
US,37,2020-05-04,11871,454
US,38,2020-05-04,1225,25
US,69,2020-05-04,14,2
US,39,2020-05-04,20474,1056
US,40,2020-05-04,4044,238
US,41,2020-05-04,2759,109
US,42,2020-05-04,52992,2880
US,72,2020-05-04,1875,97
US,44,2020-05-04,9652,341
US,45,2020-05-04,6757,283
US,46,2020-05-04,2667,21
US,47,2020-05-04,13283,216
US,48,2020-05-04,33134,914
US,49,2020-05-04,5326,50
US,50,2020-05-04,902,52
US,78,2020-05-04,66,4
US,51,2020-05-04,19492,684
US,53,2020-05-04,15905,846
US,54,2020-05-04,1224,50
US,55,2020-05-04,8236,340
US,56,2020-05-04,596,7
US,01,2020-05-05,8437,315
US,02,2020-05-05,369,7
US,04,2020-05-05,9305,395
US,05,2020-05-05,3525,83
US,06,2020-05-05,58848,2386
US,08,2020-05-05,17256,901
US,09,2020-05-05,30621,2633
US,10,2020-05-05,5371,187
US,11,2020-05-05,5322,264
US,12,2020-05-05,37431,1470
US,13,2020-05-05,28876,1277
US,66,2020-05-05,1118,6
US,15,2020-05-05,615,17
US,16,2020-05-05,2127,66
US,17,2020-05-05,65889,2843
US,18,2020-05-05,21423,1326
US,19,2020-05-05,10111,207
US,20,2020-05-05,5627,160
US,21,2020-05-05,5822,278
US,22,2020-05-05,29996,2042
US,23,2020-05-05,1226,61
US,24,2020-05-05,27217,1390
US,25,2020-05-05,70271,4212
US,26,2020-05-05,44333,4179
US,27,2020-05-05,7851,455
US,28,2020-05-05,8207,342
US,29,2020-05-05,8919,408
US,30,2020-05-05,456,16
US,31,2020-05-05,6442,82
US,32,2020-05-05,5695,276
US,33,2020-05-05,2636,92
US,34,2020-05-05,130593,8244
US,35,2020-05-05,4137,162
US,36,2020-05-05,326659,25028
US,37,2020-05-05,12283,477
US,38,2020-05-05,1266,25
US,69,2020-05-05,14,2
US,39,2020-05-05,20969,1135
US,40,2020-05-05,4127,247
US,41,2020-05-05,2839,113
US,42,2020-05-05,53967,3206
US,72,2020-05-05,1924,99
US,44,2020-05-05,9933,355
US,45,2020-05-05,6841,296
US,46,2020-05-05,2720,24
US,47,2020-05-05,13555,225
US,48,2020-05-05,34286,955
US,49,2020-05-05,5449,56
US,50,2020-05-05,907,52
US,78,2020-05-05,66,4
US,51,2020-05-05,20256,713
US,53,2020-05-05,16081,863
US,54,2020-05-05,1242,50
US,55,2020-05-05,8566,353
US,56,2020-05-05,604,7
US,01,2020-05-06,8691,343
US,02,2020-05-06,370,8
US,04,2020-05-06,9707,426
US,05,2020-05-06,3611,87
US,06,2020-05-06,60787,2478
US,08,2020-05-06,17720,919
US,09,2020-05-06,30995,2718
US,10,2020-05-06,5778,193
US,11,2020-05-06,5461,277
US,12,2020-05-06,37994,1538
US,13,2020-05-06,29724,1309
US,66,2020-05-06,1118,6
US,15,2020-05-06,616,17
US,16,2020-05-06,2158,67
US,17,2020-05-06,68164,2977
US,18,2020-05-06,22286,1377
US,19,2020-05-06,10404,219
US,20,2020-05-06,5893,163
US,21,2020-05-06,5946,286
US,22,2020-05-06,30399,2094
US,23,2020-05-06,1254,62
US,24,2020-05-06,28263,1443
US,25,2020-05-06,72025,4420
US,26,2020-05-06,45048,4250
US,27,2020-05-06,8579,485
US,28,2020-05-06,8424,374
US,29,2020-05-06,9164,429
US,30,2020-05-06,456,16
US,31,2020-05-06,6771,86
US,32,2020-05-06,5774,286
US,33,2020-05-06,2741,111
US,34,2020-05-06,131890,8549
US,35,2020-05-06,4290,169
US,36,2020-05-06,329405,25956
US,37,2020-05-06,12783,497
US,38,2020-05-06,1323,31
US,69,2020-05-06,15,2
US,39,2020-05-06,21576,1225
US,40,2020-05-06,4201,253
US,41,2020-05-06,2916,115
US,42,2020-05-06,54989,3360
US,72,2020-05-06,1968,99
US,44,2020-05-06,10205,370
US,45,2020-05-06,6936,305
US,46,2020-05-06,2779,29
US,47,2020-05-06,13737,237
US,48,2020-05-06,35441,985
US,49,2020-05-06,5605,59
US,50,2020-05-06,908,52
US,78,2020-05-06,66,4
US,51,2020-05-06,20256,713
US,53,2020-05-06,16713,881
US,54,2020-05-06,1276,51
US,55,2020-05-06,8901,362
US,56,2020-05-06,631,7
US,01,2020-05-07,9046,369
US,02,2020-05-07,373,8
US,04,2020-05-07,9945,450
US,05,2020-05-07,3694,88
US,06,2020-05-07,62481,2561
US,08,2020-05-07,18264,942
US,09,2020-05-07,31784,2797
US,10,2020-05-07,5939,202
US,11,2020-05-07,5654,285
US,12,2020-05-07,38820,1599
US,13,2020-05-07,30524,1333
US,66,2020-05-07,1118,6
US,15,2020-05-07,619,17
US,16,2020-05-07,2178,67
US,17,2020-05-07,70802,3139
US,18,2020-05-07,22942,1414
US,19,2020-05-07,11059,231
US,20,2020-05-07,6240,164
US,21,2020-05-07,6173,302
US,22,2020-05-07,30652,2135
US,23,2020-05-07,1330,62
US,24,2020-05-07,29476,1503
US,25,2020-05-07,73721,4552
US,26,2020-05-07,45643,4343
US,27,2020-05-07,9365,508
US,28,2020-05-07,8686,396
US,29,2020-05-07,9409,449
US,30,2020-05-07,456,16
US,31,2020-05-07,7190,92
US,32,2020-05-07,5888,293
US,33,2020-05-07,2843,114
US,34,2020-05-07,133635,8801
US,35,2020-05-07,4492,172
US,36,2020-05-07,332931,26206
US,37,2020-05-07,13431,521
US,38,2020-05-07,1371,31
US,69,2020-05-07,15,2
US,39,2020-05-07,22131,1271
US,40,2020-05-07,4330,260
US,41,2020-05-07,2989,121
US,42,2020-05-07,56149,3599
US,72,2020-05-07,2031,102
US,44,2020-05-07,10530,388
US,45,2020-05-07,7142,316
US,46,2020-05-07,2905,31
US,47,2020-05-07,14108,238
US,48,2020-05-07,36682,1016
US,49,2020-05-07,5724,61
US,50,2020-05-07,916,53
US,78,2020-05-07,66,4
US,51,2020-05-07,21570,769
US,53,2020-05-07,17334,903
US,54,2020-05-07,1297,51
US,55,2020-05-07,9215,374
US,56,2020-05-07,635,7
US,01,2020-05-08,9385,383
US,02,2020-05-08,376,8
US,04,2020-05-08,10526,517
US,05,2020-05-08,3747,88
US,06,2020-05-08,64616,2650
US,08,2020-05-08,18719,958
US,09,2020-05-08,32411,2874
US,10,2020-05-08,6111,213
US,11,2020-05-08,5899,304
US,12,2020-05-08,39191,1668
US,13,2020-05-08,31089,1378
US,66,2020-05-08,1120,6
US,15,2020-05-08,619,17
US,16,2020-05-08,2205,67
US,17,2020-05-08,73688,3262
US,18,2020-05-08,23620,1447
US,19,2020-05-08,11457,243
US,20,2020-05-08,6751,167
US,21,2020-05-08,6298,304
US,22,2020-05-08,30855,2154
US,23,2020-05-08,1374,63
US,24,2020-05-08,30592,1560
US,25,2020-05-08,75333,4702
US,26,2020-05-08,46319,4393
US,27,2020-05-08,10088,534
US,28,2020-05-08,9090,409
US,29,2020-05-08,9573,481
US,30,2020-05-08,458,16
US,31,2020-05-08,7831,93
US,32,2020-05-08,5972,301
US,33,2020-05-08,2947,121
US,34,2020-05-08,135454,8952
US,35,2020-05-08,4673,181
US,36,2020-05-08,335804,26358
US,37,2020-05-08,13879,537
US,38,2020-05-08,1425,33
US,69,2020-05-08,15,2
US,39,2020-05-08,23018,1306
US,40,2020-05-08,4424,266
US,41,2020-05-08,3068,124
US,42,2020-05-08,57501,3724
US,72,2020-05-08,2156,107
US,44,2020-05-08,10779,399
US,45,2020-05-08,7367,320
US,46,2020-05-08,3144,31
US,47,2020-05-08,14276,240
US,48,2020-05-08,37943,1059
US,49,2020-05-08,5919,61
US,50,2020-05-08,919,53
US,78,2020-05-08,68,4
US,51,2020-05-08,22342,812
US,53,2020-05-08,17537,915
US,54,2020-05-08,1323,52
US,55,2020-05-08,9590,384
US,56,2020-05-08,644,7
US,01,2020-05-09,9668,390
US,02,2020-05-09,377,8
US,04,2020-05-09,10960,532
US,05,2020-05-09,3747,88
US,06,2020-05-09,66824,2732
US,08,2020-05-09,19267,965
US,09,2020-05-09,32984,2932
US,10,2020-05-09,6277,221
US,11,2020-05-09,6102,311
US,12,2020-05-09,39993,1714
US,13,2020-05-09,31481,1380
US,66,2020-05-09,1120,6
US,15,2020-05-09,620,17
US,16,2020-05-09,2230,67
US,17,2020-05-09,76008,3362
US,18,2020-05-09,24239,1490
US,19,2020-05-09,11671,252
US,20,2020-05-09,6923,172
US,21,2020-05-09,6469,312
US,22,2020-05-09,31417,2194
US,23,2020-05-09,1408,64
US,24,2020-05-09,31638,1614
US,25,2020-05-09,76743,4840
US,26,2020-05-09,46735,4526
US,27,2020-05-09,10790,558
US,28,2020-05-09,9378,421
US,29,2020-05-09,9737,492
US,30,2020-05-09,458,16
US,31,2020-05-09,8234,96
US,32,2020-05-09,6076,306
US,33,2020-05-09,3011,131
US,34,2020-05-09,137085,9116
US,35,2020-05-09,4778,191
US,36,2020-05-09,338519,26584
US,37,2020-05-09,14387,554
US,38,2020-05-09,1464,35
US,69,2020-05-09,16,2
US,39,2020-05-09,23697,1331
US,40,2020-05-09,4490,270
US,41,2020-05-09,3160,127
US,42,2020-05-09,58661,3793
US,72,2020-05-09,2173,108
US,44,2020-05-09,10989,418
US,45,2020-05-09,7531,330
US,46,2020-05-09,3393,34
US,47,2020-05-09,14675,241
US,48,2020-05-09,38849,1086
US,49,2020-05-09,6103,66
US,50,2020-05-09,921,53
US,78,2020-05-09,69,4
US,51,2020-05-09,23196,827
US,53,2020-05-09,17763,925
US,54,2020-05-09,1347,53
US,55,2020-05-09,9939,398
US,56,2020-05-09,653,7
US,01,2020-05-10,9889,393
US,02,2020-05-10,378,8
US,04,2020-05-10,11119,536
US,05,2020-05-10,4012,91
US,06,2020-05-10,68051,2769
US,08,2020-05-10,19595,969
US,09,2020-05-10,33554,2967
US,10,2020-05-10,6447,224
US,11,2020-05-10,6272,323
US,12,2020-05-10,40588,1720
US,13,2020-05-10,32267,1383
US,66,2020-05-10,1120,6
US,15,2020-05-10,621,17
US,16,2020-05-10,2232,67
US,17,2020-05-10,77662,3426
US,18,2020-05-10,24633,1508
US,19,2020-05-10,11959,265
US,20,2020-05-10,7045,172
US,21,2020-05-10,6486,312
US,22,2020-05-10,31600,2213
US,23,2020-05-10,1436,64
US,24,2020-05-10,32693,1644
US,25,2020-05-10,77793,4979
US,26,2020-05-10,47116,4551
US,27,2020-05-10,11271,578
US,28,2020-05-10,9501,430
US,29,2020-05-10,9906,502
US,30,2020-05-10,458,16
US,31,2020-05-10,8329,98
US,32,2020-05-10,6150,306
US,33,2020-05-10,3071,133
US,34,2020-05-10,138532,9255
US,35,2020-05-10,4863,200
US,36,2020-05-10,340657,26798
US,37,2020-05-10,14783,561
US,38,2020-05-10,1491,35
US,69,2020-05-10,16,2
US,39,2020-05-10,24086,1341
US,40,2020-05-10,4589,272
US,41,2020-05-10,3228,127
US,42,2020-05-10,60037,3819
US,72,2020-05-10,2198,111
US,44,2020-05-10,11274,422
US,45,2020-05-10,7653,331
US,46,2020-05-10,3517,34
US,47,2020-05-10,15060,242
US,48,2020-05-10,40037,1110
US,49,2020-05-10,6251,67
US,50,2020-05-10,926,53
US,78,2020-05-10,69,4
US,51,2020-05-10,24081,839
US,53,2020-05-10,17909,939
US,54,2020-05-10,1362,54
US,55,2020-05-10,10219,400
US,56,2020-05-10,662,7
US,01,2020-05-11,10164,403
US,02,2020-05-11,380,8
US,04,2020-05-11,11380,542
US,05,2020-05-11,4043,94
US,06,2020-05-11,69514,2820
US,08,2020-05-11,19793,986
US,09,2020-05-11,33765,3008
US,10,2020-05-11,6565,225
US,11,2020-05-11,6389,328
US,12,2020-05-11,40974,1734
US,13,2020-05-11,32448,1420
US,66,2020-05-11,1120,6
US,15,2020-05-11,623,17
US,16,2020-05-11,2261,70
US,17,2020-05-11,79123,3480
US,18,2020-05-11,25134,1540
US,19,2020-05-11,12373,271
US,20,2020-05-11,7161,174
US,21,2020-05-11,6710,325
US,22,2020-05-11,31815,2242
US,23,2020-05-11,1462,65
US,24,2020-05-11,33483,1683
US,25,2020-05-11,78462,5108
US,26,2020-05-11,47526,4584
US,27,2020-05-11,11799,591
US,28,2020-05-11,9674,435
US,29,2020-05-11,10025,512
US,30,2020-05-11,459,16
US,31,2020-05-11,8576,100
US,32,2020-05-11,6153,312
US,33,2020-05-11,3160,133
US,34,2020-05-11,139945,9310
US,35,2020-05-11,5069,208
US,36,2020-05-11,342267,27003
US,37,2020-05-11,15069,571
US,38,2020-05-11,1518,36
US,69,2020-05-11,19,2
US,39,2020-05-11,24785,1357
US,40,2020-05-11,4613,274
US,41,2020-05-11,3286,130
US,42,2020-05-11,60557,3846
US,72,2020-05-11,2256,113
US,44,2020-05-11,11450,430
US,45,2020-05-11,7792,346
US,46,2020-05-11,3614,34
US,47,2020-05-11,15423,248
US,48,2020-05-11,40988,1137
US,49,2020-05-11,6364,68
US,50,2020-05-11,926,53
US,78,2020-05-11,69,5
US,51,2020-05-11,25070,850
US,53,2020-05-11,18300,957
US,54,2020-05-11,1369,57
US,55,2020-05-11,10418,409
US,56,2020-05-11,669,7
